session_uid,subject_id,session_number,is_practice,source_file,matlab_variable,sex_recorded,n_stored_trials,n_responses,n_counter_raw,feedback_condition,planned_signaled_code,sigma,stimulus_variance,n_hazard_blocks,hazard_block_lengths,Hset_raw,Hset_corrected,tau_raw,hazard_reciprocal_corrected,Hset_reciprocal_corrected,Hset_schedule_matches,reward_raw,penalty_raw,sessionstart_matlab_datenum,session_ind_file_raw,planned_parameters_raw,cp_matches_source_switch,r_matches_source_run,source_left_x,source_left_y,source_right_x,source_right_y
AC:data1,AC,1,False,data/Glaze_Triangles/data_2AFC/raw_data/data_AC.mat,data1,f,2000,2000,2000,signaled,1,10.0,100.0,5,"(400, 400, 400, 400, 400)","[[0.7, 0.1, 0.8999999999999999, 0.3, 0.5], [0.7, 0.1, 0.8999999999999999, 0.3, 0.5]]","[[0.7, 0.1, 0.8999999999999999, 0.3, 0.5], [0.7, 0.1, 0.8999999999999999, 0.3, 0.5]]","[[1.4285714285714286, 10.0, 1.1111111111111112, 3.3333333333333335, 2.0], [1.4285714285714286, 10.0, 1.1111111111111112, 3.3333333333333335, 2.0]]",False,False,True,,,,7,"{'tau': array([[ 1.42857143, 10.        ,  1.11111111,  3.33333333,  2.        ],
       [ 1.42857143, 10.        ,  1.11111111,  3.33333333,  2.        ]]), 'signaled': 1, 'sigma': 10, 'Hset': array([[0.7, 0.1, 0.9, 0.3, 0.5],
       [0.7, 0.1, 0.9, 0.3, 0.5]]), 'reward': array([], dtype=float64), 'penalty': array([], dtype=float64)}",True,True,34.5,27.0,64.5,27.0
AC:data2,AC,2,False,data/Glaze_Triangles/data_2AFC/raw_data/data_AC.mat,data2,f,2000,2000,2000,signaled,1,12.24744871391589,150.0,5,"(400, 400, 400, 400, 400)","[[0.1, 0.8999999999999999, 0.5, 0.3, 0.7], [0.1, 0.8999999999999999, 0.5, 0.3, 0.7]]","[[0.1, 0.8999999999999999, 0.5, 0.3, 0.7], [0.1, 0.8999999999999999, 0.5, 0.3, 0.7]]","[[10.0, 1.1111111111111112, 2.0, 3.3333333333333335, 1.4285714285714286], [10.0, 1.1111111111111112, 2.0, 3.3333333333333335, 1.4285714285714286]]",False,False,True,,,,7,"{'tau': array([[10.        ,  1.11111111,  2.        ,  3.33333333,  1.42857143],
       [10.        ,  1.11111111,  2.        ,  3.33333333,  1.42857143]]), 'signaled': 1, 'sigma': 12.24744871391589, 'Hset': array([[0.1, 0.9, 0.5, 0.3, 0.7],
       [0.1, 0.9, 0.5, 0.3, 0.7]]), 'reward': array([], dtype=float64), 'penalty': array([], dtype=float64)}",True,True,34.5,27.0,64.5,27.0
AC:data3,AC,3,False,data/Glaze_Triangles/data_2AFC/raw_data/data_AC.mat,data3,f,2000,2000,2000,mixed,2,10.0,100.0,2,"(1000, 1000)","[[0.1, 0.05], [0.1, 0.05]]","[[0.1, 0.05], [0.1, 0.05]]","[[10, 20], [10, 20]]",False,False,True,,,,7,"{'tau': array([[10, 20],
       [10, 20]], dtype=uint8), 'signaled': 2, 'sigma': 10, 'Hset': array([[0.1 , 0.05],
       [0.1 , 0.05]]), 'reward': array([], dtype=float64), 'penalty': array([], dtype=float64)}",True,True,34.5,27.0,64.5,27.0
AC:data4,AC,4,False,data/Glaze_Triangles/data_2AFC/raw_data/data_AC.mat,data4,f,2000,2000,2000,mixed,2,12.24744871391589,150.0,2,"(1000, 1000)","[[0.1, 0.8999999999999999], [0.1, 0.8999999999999999]]","[[0.1, 0.8999999999999999], [0.1, 0.8999999999999999]]","[[10.0, 1.1111111111111112], [10.0, 1.1111111111111112]]",False,False,True,,,,7,"{'tau': array([[10.        ,  1.11111111],
       [10.        ,  1.11111111]]), 'signaled': 2, 'sigma': 12.24744871391589, 'Hset': array([[0.1, 0.9],
       [0.1, 0.9]]), 'reward': array([], dtype=float64), 'penalty': array([], dtype=float64)}",True,True,34.5,27.0,64.5,27.0
AC:data5_practice,AC,5,True,data/Glaze_Triangles/data_2AFC/raw_data/data_AC.mat,data5_practice,f,120,120,120,unsignaled,0,10.0,100.0,2,"(60, 60)","[[0.95, 0.1], [0.95, 0.1]]","[[0.95, 0.1], [0.95, 0.1]]",[],False,False,True,2.0,20.0,735431.5849272112,7,"{'tau': array([], dtype=float64), 'signaled': 0, 'sigma': 10, 'Hset': array([[0.95, 0.1 ],
       [0.95, 0.1 ]]), 'reward': 2, 'penalty': 20}",True,True,34.5,28.5,64.5,28.5
AC:data5,AC,5,False,data/Glaze_Triangles/data_2AFC/raw_data/data_AC.mat,data5,f,2000,2000,2000,unsignaled,0,10.0,100.0,2,"(1000, 1000)","[[0.95, 0.1], [0.95, 0.1]]","[[0.95, 0.1], [0.95, 0.1]]",[],False,False,True,2.0,20.0,735431.5869416686,7,"{'tau': array([], dtype=float64), 'signaled': 0, 'sigma': 10, 'Hset': array([[0.95, 0.1 ],
       [0.95, 0.1 ]]), 'reward': 2, 'penalty': 20}",True,True,34.5,28.5,64.5,28.5
AC:data6_practice,AC,6,True,data/Glaze_Triangles/data_2AFC/raw_data/data_AC.mat,data6_practice,f,120,120,120,unsignaled,0,12.24744871391589,150.0,5,"(24, 24, 24, 24, 24)","[[0.5, 0.7, 0.1, 0.9, 0.3], [0.5, 0.7, 0.1, 0.9, 0.3]]","[[0.5, 0.7, 0.1, 0.9, 0.3], [0.5, 0.7, 0.1, 0.9, 0.3]]",[],False,False,True,2.0,20.0,735437.7106211078,7,"{'tau': array([], dtype=float64), 'signaled': 0, 'sigma': 12.24744871391589, 'Hset': array([[0.5, 0.7, 0.1, 0.9, 0.3],
       [0.5, 0.7, 0.1, 0.9, 0.3]]), 'reward': 2, 'penalty': 20}",True,True,34.5,28.5,64.5,28.5
AC:data6,AC,6,False,data/Glaze_Triangles/data_2AFC/raw_data/data_AC.mat,data6,f,2000,2000,2000,unsignaled,0,12.24744871391589,150.0,5,"(400, 400, 400, 400, 400)","[[0.5, 0.7, 0.1, 0.9, 0.3], [0.5, 0.7, 0.1, 0.9, 0.3]]","[[0.5, 0.7, 0.1, 0.9, 0.3], [0.5, 0.7, 0.1, 0.9, 0.3]]",[],False,False,True,2.0,20.0,735437.7123032488,7,"{'tau': array([], dtype=float64), 'signaled': 0, 'sigma': 12.24744871391589, 'Hset': array([[0.5, 0.7, 0.1, 0.9, 0.3],
       [0.5, 0.7, 0.1, 0.9, 0.3]]), 'reward': 2, 'penalty': 20}",True,True,34.5,28.5,64.5,28.5
AH1:data1_practice,AH1,1,True,data/Glaze_Triangles/data_2AFC/raw_data/data_AH1.mat,data1_practice,m,120,120,120,mixed,2,7.0710678118654755,50.00000000000001,2,"(60, 60)","[[0.1, 0.95], [0.1, 0.95]]","[[0.1, 0.95], [0.1, 0.95]]",[],False,False,True,1.0,20.0,735440.4650457257,3,"{'sigma': 7.0710678118654755, 'signaled': 2, 'Hset': array([[0.1 , 0.95],
       [0.1 , 0.95]]), 'reward': 1, 'penalty': 20}",True,True,34.5,28.5,64.5,28.5
AH1:data1,AH1,1,False,data/Glaze_Triangles/data_2AFC/raw_data/data_AH1.mat,data1,m,2000,2000,2000,mixed,2,7.0710678118654755,50.00000000000001,2,"(1000, 1000)","[[0.1, 0.95], [0.1, 0.95]]","[[0.1, 0.95], [0.1, 0.95]]",[],False,False,True,1.0,20.0,735440.4680121386,3,"{'sigma': 7.0710678118654755, 'signaled': 2, 'Hset': array([[0.1 , 0.95],
       [0.1 , 0.95]]), 'reward': 1, 'penalty': 20}",True,True,34.5,28.5,64.5,28.5
AH1:data2_practice,AH1,2,True,data/Glaze_Triangles/data_2AFC/raw_data/data_AH1.mat,data2_practice,m,120,120,120,signaled,1,7.0710678118654755,50.00000000000001,2,"(60, 60)","[[0.3, 0.1], [0.3, 0.1]]","[[0.3, 0.1], [0.3, 0.1]]",[],False,False,True,1.0,20.0,735441.5255059781,3,"{'sigma': 7.0710678118654755, 'signaled': 1, 'Hset': array([[0.3, 0.1],
       [0.3, 0.1]]), 'reward': 1, 'penalty': 20}",True,True,34.5,28.5,64.5,28.5
AH1:data2,AH1,2,False,data/Glaze_Triangles/data_2AFC/raw_data/data_AH1.mat,data2,m,2000,2000,2000,signaled,1,7.0710678118654755,50.00000000000001,2,"(1000, 1000)","[[0.3, 0.1], [0.3, 0.1]]","[[0.3, 0.1], [0.3, 0.1]]",[],False,False,True,1.0,20.0,735441.5278610644,3,"{'sigma': 7.0710678118654755, 'signaled': 1, 'Hset': array([[0.3, 0.1],
       [0.3, 0.1]]), 'reward': 1, 'penalty': 20}",True,True,34.5,28.5,64.5,28.5
AJ2:data1_practice,AJ2,1,True,data/Glaze_Triangles/data_2AFC/raw_data/data_AJ2.mat,data1_practice,m,120,120,120,unsignaled,0,12.24744871391589,150.0,2,"(60, 60)",,,"[[20.0, 1.0526315789473684], [20.0, 1.0526315789473684]]",False,False,,,,735416.6565907518,5,"{'tau': array([[20.        ,  1.05263158],
       [20.        ,  1.05263158]]), 'sigma': 12.24744871391589, 'signaled': 0, 'Hset': array([[0.05, 0.95],
       [0.05, 0.95]])}",True,True,34.5,28.5,64.5,28.5
AJ2:data1,AJ2,1,False,data/Glaze_Triangles/data_2AFC/raw_data/data_AJ2.mat,data1,m,2000,2000,2000,unsignaled,0,12.24744871391589,150.0,2,"(1000, 1000)","[[0.05, 0.9500000000000001], [0.05, 0.9500000000000001]]","[[0.05, 0.9500000000000001], [0.05, 0.9500000000000001]]","[[20.0, 1.0526315789473684], [20.0, 1.0526315789473684]]",False,False,True,,,735416.6590161497,5,"{'tau': array([[20.        ,  1.05263158],
       [20.        ,  1.05263158]]), 'sigma': 12.24744871391589, 'signaled': 0, 'Hset': array([[0.05, 0.95],
       [0.05, 0.95]])}",True,True,34.5,28.5,64.5,28.5
AJ2:data2_practice,AJ2,2,True,data/Glaze_Triangles/data_2AFC/raw_data/data_AJ2.mat,data2_practice,m,120,120,120,signaled,1,12.24744871391589,150.0,2,"(60, 60)","[[0.05, 0.95], [0.05, 0.95]]","[[0.05, 0.95], [0.05, 0.95]]",[],False,False,True,,,735423.712842536,5,"{'tau': array([], dtype=float64), 'sigma': 12.24744871391589, 'signaled': 1, 'Hset': array([[0.05, 0.95],
       [0.05, 0.95]])}",True,True,34.5,28.5,64.5,28.5
AJ2:data2,AJ2,2,False,data/Glaze_Triangles/data_2AFC/raw_data/data_AJ2.mat,data2,m,2000,2000,2000,signaled,1,12.24744871391589,150.0,2,"(1000, 1000)","[[0.05, 0.95], [0.05, 0.95]]","[[0.05, 0.95], [0.05, 0.95]]",[],False,False,True,,,735423.7157364215,5,"{'tau': array([], dtype=float64), 'sigma': 12.24744871391589, 'signaled': 1, 'Hset': array([[0.05, 0.95],
       [0.05, 0.95]])}",True,True,34.5,28.5,64.5,28.5
AJ2:data3_practice,AJ2,3,True,data/Glaze_Triangles/data_2AFC/raw_data/data_AJ2.mat,data3_practice,m,120,120,120,unsignaled,0,12.24744871391589,150.0,5,"(24, 24, 24, 24, 24)","[[0.3, 0.7, 0.9, 0.5, 0.1], [0.3, 0.7, 0.9, 0.5, 0.1]]","[[0.3, 0.7, 0.9, 0.5, 0.1], [0.3, 0.7, 0.9, 0.5, 0.1]]",[],False,False,True,2.0,20.0,735424.713477916,5,"{'tau': array([], dtype=float64), 'sigma': 12.24744871391589, 'signaled': 0, 'Hset': array([[0.3, 0.7, 0.9, 0.5, 0.1],
       [0.3, 0.7, 0.9, 0.5, 0.1]])}",True,True,34.5,28.5,64.5,28.5
AJ2:data3,AJ2,3,False,data/Glaze_Triangles/data_2AFC/raw_data/data_AJ2.mat,data3,m,2000,2000,2000,unsignaled,0,12.24744871391589,150.0,5,"(400, 400, 400, 400, 400)","[[0.3, 0.7, 0.9, 0.5, 0.1], [0.3, 0.7, 0.9, 0.5, 0.1]]","[[0.3, 0.7, 0.9, 0.5, 0.1], [0.3, 0.7, 0.9, 0.5, 0.1]]",[],False,False,True,2.0,20.0,735424.7156773718,5,"{'tau': array([], dtype=float64), 'sigma': 12.24744871391589, 'signaled': 0, 'Hset': array([[0.3, 0.7, 0.9, 0.5, 0.1],
       [0.3, 0.7, 0.9, 0.5, 0.1]])}",True,True,34.5,28.5,64.5,28.5
AJ2:data4_practice,AJ2,4,True,data/Glaze_Triangles/data_2AFC/raw_data/data_AJ2.mat,data4_practice,m,120,120,120,unsignaled,0,10.0,100.0,5,"(24, 24, 24, 24, 24)","[[0.7, 0.1, 0.9, 0.5, 0.3], [0.7, 0.1, 0.9, 0.5, 0.3]]","[[0.7, 0.1, 0.9, 0.5, 0.3], [0.7, 0.1, 0.9, 0.5, 0.3]]",[],False,False,True,2.0,20.0,735425.6501488221,5,"{'tau': array([], dtype=float64), 'sigma': 10, 'signaled': 0, 'Hset': array([[0.7, 0.1, 0.9, 0.5, 0.3],
       [0.7, 0.1, 0.9, 0.5, 0.3]])}",True,True,34.5,28.5,64.5,28.5
AJ2:data4,AJ2,4,False,data/Glaze_Triangles/data_2AFC/raw_data/data_AJ2.mat,data4,m,2000,2000,2000,unsignaled,0,10.0,100.0,5,"(400, 400, 400, 400, 400)","[[0.7, 0.1, 0.9, 0.5, 0.3], [0.7, 0.1, 0.9, 0.5, 0.3]]","[[0.7, 0.1, 0.9, 0.5, 0.3], [0.7, 0.1, 0.9, 0.5, 0.3]]",[],False,False,True,2.0,20.0,735425.6528049404,5,"{'tau': array([], dtype=float64), 'sigma': 10, 'signaled': 0, 'Hset': array([[0.7, 0.1, 0.9, 0.5, 0.3],
       [0.7, 0.1, 0.9, 0.5, 0.3]])}",True,True,34.5,28.5,64.5,28.5
AL1:data1_practice,AL1,1,True,data/Glaze_Triangles/data_2AFC/raw_data/data_AL1.mat,data1_practice,f,120,120,120,unsignaled,0,12.24744871391589,150.0,5,"(24, 24, 24, 24, 24)","[[0.1, 0.3, 0.7, 0.5, 0.9], [0.1, 0.3, 0.7, 0.5, 0.9]]","[[0.1, 0.3, 0.7, 0.5, 0.9], [0.1, 0.3, 0.7, 0.5, 0.9]]",[],False,False,True,,,735418.5298119073,2,"{'sigma': 12.24744871391589, 'signaled': 0, 'Hset': array([[0.1, 0.3, 0.7, 0.5, 0.9],
       [0.1, 0.3, 0.7, 0.5, 0.9]])}",True,True,34.5,28.5,64.5,28.5
AL1:data1,AL1,1,False,data/Glaze_Triangles/data_2AFC/raw_data/data_AL1.mat,data1,f,2000,2000,2000,unsignaled,0,12.24744871391589,150.0,5,"(400, 400, 400, 400, 400)","[[0.1, 0.3, 0.7, 0.5, 0.9], [0.1, 0.3, 0.7, 0.5, 0.9]]","[[0.1, 0.3, 0.7, 0.5, 0.9], [0.1, 0.3, 0.7, 0.5, 0.9]]",[],False,False,True,,,735418.532367642,2,"{'sigma': 12.24744871391589, 'signaled': 0, 'Hset': array([[0.1, 0.3, 0.7, 0.5, 0.9],
       [0.1, 0.3, 0.7, 0.5, 0.9]])}",True,True,34.5,28.5,64.5,28.5
AR2:data1_practice,AR2,1,True,data/Glaze_Triangles/data_2AFC/raw_data/data_AR2.mat,data1_practice,m,120,120,120,unsignaled,0,10.0,100.0,5,"(24, 24, 24, 24, 24)","[[0.5, 0.3, 0.1, 0.9, 0.7], [0.5, 0.3, 0.1, 0.9, 0.7]]","[[0.5, 0.3, 0.1, 0.9, 0.7], [0.5, 0.3, 0.1, 0.9, 0.7]]",[],False,False,True,,,735420.5927518848,5,"{'sigma': 10, 'signaled': 0, 'Hset': array([[0.5, 0.3, 0.1, 0.9, 0.7],
       [0.5, 0.3, 0.1, 0.9, 0.7]])}",True,True,34.5,28.5,64.5,28.5
AR2:data1,AR2,1,False,data/Glaze_Triangles/data_2AFC/raw_data/data_AR2.mat,data1,m,2000,2000,2000,unsignaled,0,10.0,100.0,5,"(400, 400, 400, 400, 400)","[[0.5, 0.3, 0.1, 0.9, 0.7], [0.5, 0.3, 0.1, 0.9, 0.7]]","[[0.5, 0.3, 0.1, 0.9, 0.7], [0.5, 0.3, 0.1, 0.9, 0.7]]",[],False,False,True,,,735420.595090926,5,"{'sigma': 10, 'signaled': 0, 'Hset': array([[0.5, 0.3, 0.1, 0.9, 0.7],
       [0.5, 0.3, 0.1, 0.9, 0.7]])}",True,True,34.5,28.5,64.5,28.5
AR2:data2_practice,AR2,2,True,data/Glaze_Triangles/data_2AFC/raw_data/data_AR2.mat,data2_practice,m,120,120,120,mixed,2,10.0,100.0,2,"(60, 60)","[[0.9, 0.7], [0.9, 0.7]]","[[0.9, 0.7], [0.9, 0.7]]",[],False,False,True,,,735423.713483606,5,"{'sigma': 10, 'signaled': 2, 'Hset': array([[0.9, 0.7],
       [0.9, 0.7]])}",True,True,34.5,28.5,64.5,28.5
AR2:data2,AR2,2,False,data/Glaze_Triangles/data_2AFC/raw_data/data_AR2.mat,data2,m,2000,2000,2000,mixed,2,10.0,100.0,2,"(1000, 1000)","[[0.9, 0.7], [0.9, 0.7]]","[[0.9, 0.7], [0.9, 0.7]]",[],False,False,True,,,735423.7164882985,5,"{'sigma': 10, 'signaled': 2, 'Hset': array([[0.9, 0.7],
       [0.9, 0.7]])}",True,True,34.5,28.5,64.5,28.5
AR2:data3_practice,AR2,3,True,data/Glaze_Triangles/data_2AFC/raw_data/data_AR2.mat,data3_practice,m,120,120,120,mixed,2,12.24744871391589,150.0,2,"(60, 60)","[[0.7, 0.5], [0.7, 0.5]]","[[0.7, 0.5], [0.7, 0.5]]",[],False,False,True,2.0,20.0,735424.6964778692,5,"{'sigma': 12.24744871391589, 'signaled': 2, 'Hset': array([[0.7, 0.5],
       [0.7, 0.5]])}",True,True,34.5,28.5,64.5,28.5
AR2:data3,AR2,3,False,data/Glaze_Triangles/data_2AFC/raw_data/data_AR2.mat,data3,m,2000,2000,2000,mixed,2,12.24744871391589,150.0,2,"(1000, 1000)","[[0.7, 0.5], [0.7, 0.5]]","[[0.7, 0.5], [0.7, 0.5]]",[],False,False,True,2.0,20.0,735424.6994662908,5,"{'sigma': 12.24744871391589, 'signaled': 2, 'Hset': array([[0.7, 0.5],
       [0.7, 0.5]])}",True,True,34.5,28.5,64.5,28.5
AR2:data4_practice,AR2,4,True,data/Glaze_Triangles/data_2AFC/raw_data/data_AR2.mat,data4_practice,m,120,120,120,signaled,1,12.24744871391589,150.0,2,"(60, 60)","[[0.7, 0.9], [0.7, 0.9]]","[[0.7, 0.9], [0.7, 0.9]]",[],False,False,True,2.0,20.0,735438.7110445517,5,"{'sigma': 12.24744871391589, 'signaled': 1, 'Hset': array([[0.7, 0.9],
       [0.7, 0.9]])}",True,True,34.5,28.5,64.5,28.5
AR2:data4,AR2,4,False,data/Glaze_Triangles/data_2AFC/raw_data/data_AR2.mat,data4,m,2000,2000,2000,signaled,1,12.24744871391589,150.0,2,"(1000, 1000)","[[0.7, 0.9], [0.7, 0.9]]","[[0.7, 0.9], [0.7, 0.9]]",[],False,False,True,2.0,20.0,735438.7156114876,5,"{'sigma': 12.24744871391589, 'signaled': 1, 'Hset': array([[0.7, 0.9],
       [0.7, 0.9]])}",True,True,34.5,28.5,64.5,28.5
AS:data1,AS,1,False,data/Glaze_Triangles/data_2AFC/raw_data/data_AS.mat,data1,f,2000,2000,2000,signaled,1,10.0,100.0,5,"(400, 400, 400, 400, 400)","[[0.3, 0.7, 0.8999999999999999, 0.5, 0.1], [0.3, 0.7, 0.8999999999999999, 0.5, 0.1]]","[[0.3, 0.7, 0.8999999999999999, 0.5, 0.1], [0.3, 0.7, 0.8999999999999999, 0.5, 0.1]]","[[3.3333333333333335, 1.4285714285714286, 1.1111111111111112, 2.0, 10.0], [3.3333333333333335, 1.4285714285714286, 1.1111111111111112, 2.0, 10.0]]",False,False,True,,,,5,"{'tau': array([[ 3.33333333,  1.42857143,  1.11111111,  2.        , 10.        ],
       [ 3.33333333,  1.42857143,  1.11111111,  2.        , 10.        ]]), 'signaled': 1, 'sigma': 10, 'Hset': array([[0.3, 0.7, 0.9, 0.5, 0.1],
       [0.3, 0.7, 0.9, 0.5, 0.1]])}",True,True,34.5,27.0,64.5,27.0
AS:data2,AS,2,False,data/Glaze_Triangles/data_2AFC/raw_data/data_AS.mat,data2,f,2000,2000,2000,signaled,1,12.24744871391589,150.0,5,"(400, 400, 400, 400, 400)","[[0.1, 0.8999999999999999, 0.5, 0.7, 0.3], [0.1, 0.8999999999999999, 0.5, 0.7, 0.3]]","[[0.1, 0.8999999999999999, 0.5, 0.7, 0.3], [0.1, 0.8999999999999999, 0.5, 0.7, 0.3]]","[[10.0, 1.1111111111111112, 2.0, 1.4285714285714286, 3.3333333333333335], [10.0, 1.1111111111111112, 2.0, 1.4285714285714286, 3.3333333333333335]]",False,False,True,,,,5,"{'tau': array([[10.        ,  1.11111111,  2.        ,  1.42857143,  3.33333333],
       [10.        ,  1.11111111,  2.        ,  1.42857143,  3.33333333]]), 'signaled': 1, 'sigma': 12.24744871391589, 'Hset': array([[0.1, 0.9, 0.5, 0.7, 0.3],
       [0.1, 0.9, 0.5, 0.7, 0.3]])}",True,True,34.5,27.0,64.5,27.0
AS:data3,AS,3,False,data/Glaze_Triangles/data_2AFC/raw_data/data_AS.mat,data3,f,2000,2000,2000,unsignaled,0,12.24744871391589,150.0,5,"(400, 400, 400, 400, 400)","[[0.7, 0.1, 0.3, 0.5, 0.8999999999999999], [0.7, 0.1, 0.3, 0.5, 0.8999999999999999]]","[[0.7, 0.1, 0.3, 0.5, 0.8999999999999999], [0.7, 0.1, 0.3, 0.5, 0.8999999999999999]]","[[1.4285714285714286, 10.0, 3.3333333333333335, 2.0, 1.1111111111111112], [1.4285714285714286, 10.0, 3.3333333333333335, 2.0, 1.1111111111111112]]",False,False,True,,,,5,"{'tau': array([[ 1.42857143, 10.        ,  3.33333333,  2.        ,  1.11111111],
       [ 1.42857143, 10.        ,  3.33333333,  2.        ,  1.11111111]]), 'signaled': 0, 'sigma': 12.24744871391589, 'Hset': array([[0.7, 0.1, 0.3, 0.5, 0.9],
       [0.7, 0.1, 0.3, 0.5, 0.9]])}",True,True,34.5,27.0,64.5,27.0
AS:data4,AS,4,False,data/Glaze_Triangles/data_2AFC/raw_data/data_AS.mat,data4,f,2000,2000,2000,unsignaled,0,10.0,100.0,2,"(1000, 1000)","[[0.05, 0.9500000000000001], [0.05, 0.9500000000000001]]","[[0.05, 0.9500000000000001], [0.05, 0.9500000000000001]]","[[20.0, 1.0526315789473684], [20.0, 1.0526315789473684]]",False,False,True,,,,5,"{'tau': array([[20.        ,  1.05263158],
       [20.        ,  1.05263158]]), 'signaled': 0, 'sigma': 10, 'Hset': array([[0.05, 0.95],
       [0.05, 0.95]])}",True,True,34.5,27.0,64.5,27.0
AS6:data1_practice,AS6,1,True,data/Glaze_Triangles/data_2AFC/raw_data/data_AS6.mat,data1_practice,m,120,120,120,mixed,2,7.0710678118654755,50.00000000000001,2,"(60, 60)","[[0.5, 0.3], [0.5, 0.3]]","[[0.5, 0.3], [0.5, 0.3]]",[],False,False,True,1.0,20.0,735427.5839776921,5,"{'sigma': 7.0710678118654755, 'signaled': 2, 'Hset': array([[0.5, 0.3],
       [0.5, 0.3]]), 'reward': 1, 'penalty': 20}",True,True,34.5,28.5,64.5,28.5
AS6:data1,AS6,1,False,data/Glaze_Triangles/data_2AFC/raw_data/data_AS6.mat,data1,m,2000,2000,2000,mixed,2,7.0710678118654755,50.00000000000001,2,"(1000, 1000)","[[0.5, 0.3], [0.5, 0.3]]","[[0.5, 0.3], [0.5, 0.3]]",[],False,False,True,1.0,20.0,735427.5883762657,5,"{'sigma': 7.0710678118654755, 'signaled': 2, 'Hset': array([[0.5, 0.3],
       [0.5, 0.3]]), 'reward': 1, 'penalty': 20}",True,True,34.5,28.5,64.5,28.5
AS6:data2_practice,AS6,2,True,data/Glaze_Triangles/data_2AFC/raw_data/data_AS6.mat,data2_practice,m,120,120,120,unsignaled,0,7.0710678118654755,50.00000000000001,2,"(60, 60)","[[0.3, 0.7], [0.3, 0.7]]","[[0.3, 0.7], [0.3, 0.7]]",[],False,False,True,1.0,20.0,735430.699153089,5,"{'sigma': 7.0710678118654755, 'signaled': 0, 'Hset': array([[0.3, 0.7],
       [0.3, 0.7]]), 'reward': 1, 'penalty': 20}",True,True,34.5,28.5,64.5,28.5
AS6:data2,AS6,2,False,data/Glaze_Triangles/data_2AFC/raw_data/data_AS6.mat,data2,m,2000,2000,2000,unsignaled,0,7.0710678118654755,50.00000000000001,2,"(1000, 1000)","[[0.3, 0.7], [0.3, 0.7]]","[[0.3, 0.7], [0.3, 0.7]]",[],False,False,True,1.0,20.0,735430.7031769226,5,"{'sigma': 7.0710678118654755, 'signaled': 0, 'Hset': array([[0.3, 0.7],
       [0.3, 0.7]]), 'reward': 1, 'penalty': 20}",True,True,34.5,28.5,64.5,28.5
AS6:data3_practice,AS6,3,True,data/Glaze_Triangles/data_2AFC/raw_data/data_AS6.mat,data3_practice,m,120,120,120,signaled,1,7.0710678118654755,50.00000000000001,5,"(24, 24, 24, 24, 24)","[[0.1, 0.3, 0.7, 0.9, 0.5], [0.1, 0.3, 0.7, 0.9, 0.5]]","[[0.1, 0.3, 0.7, 0.9, 0.5], [0.1, 0.3, 0.7, 0.9, 0.5]]",[],False,False,True,1.0,20.0,735431.6983373796,5,"{'sigma': 7.0710678118654755, 'signaled': 1, 'Hset': array([[0.1, 0.3, 0.7, 0.9, 0.5],
       [0.1, 0.3, 0.7, 0.9, 0.5]]), 'reward': 1, 'penalty': 20}",True,True,34.5,28.5,64.5,28.5
AS6:data3,AS6,3,False,data/Glaze_Triangles/data_2AFC/raw_data/data_AS6.mat,data3,m,2000,2000,2000,signaled,1,7.0710678118654755,50.00000000000001,5,"(400, 400, 400, 400, 400)","[[0.1, 0.3, 0.7, 0.9, 0.5], [0.1, 0.3, 0.7, 0.9, 0.5]]","[[0.1, 0.3, 0.7, 0.9, 0.5], [0.1, 0.3, 0.7, 0.9, 0.5]]",[],False,False,True,1.0,20.0,735431.701463428,5,"{'sigma': 7.0710678118654755, 'signaled': 1, 'Hset': array([[0.1, 0.3, 0.7, 0.9, 0.5],
       [0.1, 0.3, 0.7, 0.9, 0.5]]), 'reward': 1, 'penalty': 20}",True,True,34.5,28.5,64.5,28.5
AS6:data4_practice,AS6,4,True,data/Glaze_Triangles/data_2AFC/raw_data/data_AS6.mat,data4_practice,m,120,120,120,unsignaled,0,10.0,100.0,2,"(60, 60)","[[0.5, 0.7], [0.5, 0.7]]","[[0.5, 0.7], [0.5, 0.7]]",[],False,False,True,1.0,20.0,735432.5765863857,5,"{'sigma': 10, 'signaled': 0, 'Hset': array([[0.5, 0.7],
       [0.5, 0.7]]), 'reward': 1, 'penalty': 20}",True,True,34.5,28.5,64.5,28.5
AS6:data4,AS6,4,False,data/Glaze_Triangles/data_2AFC/raw_data/data_AS6.mat,data4,m,2000,2000,2000,unsignaled,0,10.0,100.0,2,"(1000, 1000)","[[0.5, 0.7], [0.5, 0.7]]","[[0.5, 0.7], [0.5, 0.7]]",[],False,False,True,1.0,20.0,735432.5789596994,5,"{'sigma': 10, 'signaled': 0, 'Hset': array([[0.5, 0.7],
       [0.5, 0.7]]), 'reward': 1, 'penalty': 20}",True,True,34.5,28.5,64.5,28.5
AW2:data1_practice,AW2,1,True,data/Glaze_Triangles/data_2AFC/raw_data/data_AW2.mat,data1_practice,m,120,120,120,mixed,2,7.0710678118654755,50.00000000000001,2,"(60, 60)","[[0.1, 0.95], [0.1, 0.95]]","[[0.1, 0.95], [0.1, 0.95]]",[],False,False,True,1.0,20.0,735431.4005089885,7,"{'sigma': 7.0710678118654755, 'signaled': 2, 'Hset': array([[0.1 , 0.95],
       [0.1 , 0.95]]), 'reward': 1, 'penalty': 20}",True,True,34.5,28.5,64.5,28.5
AW2:data1,AW2,1,False,data/Glaze_Triangles/data_2AFC/raw_data/data_AW2.mat,data1,m,2000,2000,2000,mixed,2,7.0710678118654755,50.00000000000001,2,"(1000, 1000)","[[0.1, 0.95], [0.1, 0.95]]","[[0.1, 0.95], [0.1, 0.95]]",[],False,False,True,1.0,20.0,735431.4074211102,7,"{'sigma': 7.0710678118654755, 'signaled': 2, 'Hset': array([[0.1 , 0.95],
       [0.1 , 0.95]]), 'reward': 1, 'penalty': 20}",True,True,34.5,28.5,64.5,28.5
AW2:data2_practice,AW2,2,True,data/Glaze_Triangles/data_2AFC/raw_data/data_AW2.mat,data2_practice,m,120,120,120,signaled,1,7.0710678118654755,50.00000000000001,5,"(24, 24, 24, 24, 24)","[[0.9, 0.7, 0.3, 0.5, 0.1], [0.9, 0.7, 0.3, 0.5, 0.1]]","[[0.9, 0.7, 0.3, 0.5, 0.1], [0.9, 0.7, 0.3, 0.5, 0.1]]",[],False,False,True,1.0,20.0,735432.3374320274,7,"{'sigma': 7.0710678118654755, 'signaled': 1, 'Hset': array([[0.9, 0.7, 0.3, 0.5, 0.1],
       [0.9, 0.7, 0.3, 0.5, 0.1]]), 'reward': 1, 'penalty': 20}",True,True,34.5,28.5,64.5,28.5
AW2:data2,AW2,2,False,data/Glaze_Triangles/data_2AFC/raw_data/data_AW2.mat,data2,m,2000,2000,2000,signaled,1,7.0710678118654755,50.00000000000001,5,"(400, 400, 400, 400, 400)","[[0.9, 0.7, 0.3, 0.5, 0.1], [0.9, 0.7, 0.3, 0.5, 0.1]]","[[0.9, 0.7, 0.3, 0.5, 0.1], [0.9, 0.7, 0.3, 0.5, 0.1]]",[],False,False,True,1.0,20.0,735432.3405690923,7,"{'sigma': 7.0710678118654755, 'signaled': 1, 'Hset': array([[0.9, 0.7, 0.3, 0.5, 0.1],
       [0.9, 0.7, 0.3, 0.5, 0.1]]), 'reward': 1, 'penalty': 20}",True,True,34.5,28.5,64.5,28.5
AW2:data3_practice,AW2,3,True,data/Glaze_Triangles/data_2AFC/raw_data/data_AW2.mat,data3_practice,m,120,120,120,unsignaled,0,7.0710678118654755,50.00000000000001,2,"(60, 60)","[[0.9, 0.05], [0.9, 0.05]]","[[0.9, 0.05], [0.9, 0.05]]",[],False,False,True,1.0,20.0,735433.3406424547,7,"{'sigma': 7.0710678118654755, 'signaled': 0, 'Hset': array([[0.9 , 0.05],
       [0.9 , 0.05]]), 'reward': 1, 'penalty': 20}",True,True,34.5,28.5,64.5,28.5
AW2:data3,AW2,3,False,data/Glaze_Triangles/data_2AFC/raw_data/data_AW2.mat,data3,m,2000,2000,2000,unsignaled,0,7.0710678118654755,50.00000000000001,2,"(1000, 1000)","[[0.9, 0.05], [0.9, 0.05]]","[[0.9, 0.05], [0.9, 0.05]]",[],False,False,True,1.0,20.0,735433.342683355,7,"{'sigma': 7.0710678118654755, 'signaled': 0, 'Hset': array([[0.9 , 0.05],
       [0.9 , 0.05]]), 'reward': 1, 'penalty': 20}",True,True,34.5,28.5,64.5,28.5
AW2:data4_practice,AW2,4,True,data/Glaze_Triangles/data_2AFC/raw_data/data_AW2.mat,data4_practice,m,120,120,120,signaled,1,10.0,100.0,5,"(24, 24, 24, 24, 24)","[[0.7, 0.5, 0.9, 0.3, 0.1], [0.7, 0.5, 0.9, 0.3, 0.1]]","[[0.7, 0.5, 0.9, 0.3, 0.1], [0.7, 0.5, 0.9, 0.3, 0.1]]",[],False,False,True,1.0,20.0,735438.3496066412,7,"{'sigma': 10, 'signaled': 1, 'Hset': array([[0.7, 0.5, 0.9, 0.3, 0.1],
       [0.7, 0.5, 0.9, 0.3, 0.1]]), 'reward': 1, 'penalty': 20}",True,True,34.5,28.5,64.5,28.5
AW2:data4,AW2,4,False,data/Glaze_Triangles/data_2AFC/raw_data/data_AW2.mat,data4,m,2000,2000,2000,signaled,1,10.0,100.0,5,"(400, 400, 400, 400, 400)","[[0.7, 0.5, 0.9, 0.3, 0.1], [0.7, 0.5, 0.9, 0.3, 0.1]]","[[0.7, 0.5, 0.9, 0.3, 0.1], [0.7, 0.5, 0.9, 0.3, 0.1]]",[],False,False,True,1.0,20.0,735438.3518405012,7,"{'sigma': 10, 'signaled': 1, 'Hset': array([[0.7, 0.5, 0.9, 0.3, 0.1],
       [0.7, 0.5, 0.9, 0.3, 0.1]]), 'reward': 1, 'penalty': 20}",True,True,34.5,28.5,64.5,28.5
AW2:data5_practice,AW2,5,True,data/Glaze_Triangles/data_2AFC/raw_data/data_AW2.mat,data5_practice,m,120,120,120,mixed,2,10.0,100.0,2,"(60, 60)","[[0.7, 0.1], [0.7, 0.1]]","[[0.7, 0.1], [0.7, 0.1]]",[],False,False,True,1.0,20.0,735438.7151312857,7,"{'sigma': 10, 'signaled': 2, 'Hset': array([[0.7, 0.1],
       [0.7, 0.1]]), 'reward': 1, 'penalty': 20}",True,True,34.5,28.5,64.5,28.5
AW2:data5,AW2,5,False,data/Glaze_Triangles/data_2AFC/raw_data/data_AW2.mat,data5,m,2000,2000,2000,mixed,2,10.0,100.0,2,"(1000, 1000)","[[0.7, 0.1], [0.7, 0.1]]","[[0.7, 0.1], [0.7, 0.1]]",[],False,False,True,1.0,20.0,735438.7177848056,7,"{'sigma': 10, 'signaled': 2, 'Hset': array([[0.7, 0.1],
       [0.7, 0.1]]), 'reward': 1, 'penalty': 20}",True,True,34.5,28.5,64.5,28.5
AW2:data6_practice,AW2,6,True,data/Glaze_Triangles/data_2AFC/raw_data/data_AW2.mat,data6_practice,m,120,120,120,unsignaled,0,10.0,100.0,2,"(60, 60)","[[0.1, 0.5], [0.1, 0.5]]","[[0.1, 0.5], [0.1, 0.5]]",[],False,False,True,1.0,20.0,735439.3507296278,7,"{'sigma': 10, 'signaled': 0, 'Hset': array([[0.1, 0.5],
       [0.1, 0.5]]), 'reward': 1, 'penalty': 20}",True,True,34.5,28.5,64.5,28.5
AW2:data6,AW2,6,False,data/Glaze_Triangles/data_2AFC/raw_data/data_AW2.mat,data6,m,2000,2000,2000,unsignaled,0,10.0,100.0,2,"(1000, 1000)","[[0.1, 0.5], [0.1, 0.5]]","[[0.1, 0.5], [0.1, 0.5]]",[],False,False,True,1.0,20.0,735439.3600063397,7,"{'sigma': 10, 'signaled': 0, 'Hset': array([[0.1, 0.5],
       [0.1, 0.5]]), 'reward': 1, 'penalty': 20}",True,True,34.5,28.5,64.5,28.5
AY:data1,AY,1,False,data/Glaze_Triangles/data_2AFC/raw_data/data_AY.mat,data1,f,2000,2000,2000,signaled,1,10.0,100.0,5,"(400, 400, 400, 400, 400)","[[0.8999999999999999, 0.1, 0.3, 0.7, 0.5], [0.8999999999999999, 0.1, 0.3, 0.7, 0.5]]","[[0.8999999999999999, 0.1, 0.3, 0.7, 0.5], [0.8999999999999999, 0.1, 0.3, 0.7, 0.5]]","[[1.1111111111111112, 10.0, 3.3333333333333335, 1.4285714285714286, 2.0], [1.1111111111111112, 10.0, 3.3333333333333335, 1.4285714285714286, 2.0]]",False,False,True,,,,5,"{'tau': array([[ 1.11111111, 10.        ,  3.33333333,  1.42857143,  2.        ],
       [ 1.11111111, 10.        ,  3.33333333,  1.42857143,  2.        ]]), 'signaled': 1, 'sigma': 10, 'Hset': array([[0.9, 0.1, 0.3, 0.7, 0.5],
       [0.9, 0.1, 0.3, 0.7, 0.5]])}",True,True,34.5,27.5,64.5,27.5
AY:data2,AY,2,False,data/Glaze_Triangles/data_2AFC/raw_data/data_AY.mat,data2,f,2000,2000,2000,signaled,1,12.24744871391589,150.0,5,"(400, 400, 400, 400, 400)","[[0.8999999999999999, 0.3, 0.1, 0.7, 0.5], [0.8999999999999999, 0.3, 0.1, 0.7, 0.5]]","[[0.8999999999999999, 0.3, 0.1, 0.7, 0.5], [0.8999999999999999, 0.3, 0.1, 0.7, 0.5]]","[[1.1111111111111112, 3.3333333333333335, 10.0, 1.4285714285714286, 2.0], [1.1111111111111112, 3.3333333333333335, 10.0, 1.4285714285714286, 2.0]]",False,False,True,,,,5,"{'tau': array([[ 1.11111111,  3.33333333, 10.        ,  1.42857143,  2.        ],
       [ 1.11111111,  3.33333333, 10.        ,  1.42857143,  2.        ]]), 'signaled': 1, 'sigma': 12.24744871391589, 'Hset': array([[0.9, 0.3, 0.1, 0.7, 0.5],
       [0.9, 0.3, 0.1, 0.7, 0.5]])}",True,True,34.5,27.0,64.5,27.0
AY:data3,AY,3,False,data/Glaze_Triangles/data_2AFC/raw_data/data_AY.mat,data3,f,2000,2000,2000,mixed,2,12.24744871391589,150.0,2,"(1000, 1000)","[[0.05, 0.5], [0.05, 0.5]]","[[0.05, 0.5], [0.05, 0.5]]","[[20, 2], [20, 2]]",False,False,True,,,,5,"{'tau': array([[20,  2],
       [20,  2]], dtype=uint8), 'signaled': 2, 'sigma': 12.24744871391589, 'Hset': array([[0.05, 0.5 ],
       [0.05, 0.5 ]])}",True,True,34.5,27.0,64.5,27.0
AY:data4,AY,4,False,data/Glaze_Triangles/data_2AFC/raw_data/data_AY.mat,data4,f,2000,2000,2000,unsignaled,0,12.24744871391589,150.0,2,"(1000, 1000)","[[0.8999999999999999, 0.05], [0.8999999999999999, 0.05]]","[[0.8999999999999999, 0.05], [0.8999999999999999, 0.05]]","[[1.1111111111111112, 20.0], [1.1111111111111112, 20.0]]",False,False,True,,,735413.5250513748,5,"{'tau': array([[ 1.11111111, 20.        ],
       [ 1.11111111, 20.        ]]), 'signaled': 0, 'sigma': 12.24744871391589, 'Hset': array([[0.9 , 0.05],
       [0.9 , 0.05]])}",True,True,34.5,28.5,64.5,28.5
BV:data1_practice,BV,1,True,data/Glaze_Triangles/data_2AFC/raw_data/data_BV.mat,data1_practice,m,120,120,120,mixed,2,12.24744871391589,150.0,2,"(60, 60)",,,"[[1.4285714285714286, 10.0], [1.4285714285714286, 10.0]]",False,False,,,,735413.6439973466,6,"{'tau': array([[ 1.42857143, 10.        ],
       [ 1.42857143, 10.        ]]), 'signaled': 2, 'sigma': 12.24744871391589, 'Hset': array([[0.7, 0.1],
       [0.7, 0.1]])}",True,True,34.5,28.5,64.5,28.5
BV:data1,BV,1,False,data/Glaze_Triangles/data_2AFC/raw_data/data_BV.mat,data1,m,2000,2000,2000,mixed,2,12.24744871391589,150.0,2,"(1000, 1000)","[[0.7, 0.1], [0.7, 0.1]]","[[0.7, 0.1], [0.7, 0.1]]","[[1.4285714285714286, 10.0], [1.4285714285714286, 10.0]]",False,False,True,,,735413.6472669892,6,"{'tau': array([[ 1.42857143, 10.        ],
       [ 1.42857143, 10.        ]]), 'signaled': 2, 'sigma': 12.24744871391589, 'Hset': array([[0.7, 0.1],
       [0.7, 0.1]])}",True,True,34.5,28.5,64.5,28.5
BV:data2_practice,BV,2,True,data/Glaze_Triangles/data_2AFC/raw_data/data_BV.mat,data2_practice,m,120,120,120,mixed,2,10.0,100.0,2,"(60, 60)",,,"[[20.0, 1.1111111111111112], [20.0, 1.1111111111111112]]",False,False,,,,735417.5820778992,6,"{'tau': array([[20.        ,  1.11111111],
       [20.        ,  1.11111111]]), 'signaled': 2, 'sigma': 10, 'Hset': array([[0.05, 0.9 ],
       [0.05, 0.9 ]])}",True,True,34.5,28.5,64.5,28.5
BV:data2,BV,2,False,data/Glaze_Triangles/data_2AFC/raw_data/data_BV.mat,data2,m,2000,2000,2000,mixed,2,10.0,100.0,2,"(1000, 1000)","[[0.05, 0.8999999999999999], [0.05, 0.8999999999999999]]","[[0.05, 0.8999999999999999], [0.05, 0.8999999999999999]]","[[20.0, 1.1111111111111112], [20.0, 1.1111111111111112]]",False,False,True,,,735417.5843683967,6,"{'tau': array([[20.        ,  1.11111111],
       [20.        ,  1.11111111]]), 'signaled': 2, 'sigma': 10, 'Hset': array([[0.05, 0.9 ],
       [0.05, 0.9 ]])}",True,True,34.5,28.5,64.5,28.5
BV:data3_practice,BV,3,True,data/Glaze_Triangles/data_2AFC/raw_data/data_BV.mat,data3_practice,m,120,120,120,unsignaled,0,12.24744871391589,150.0,2,"(60, 60)","[[0.3, 0.5], [0.3, 0.5]]","[[0.3, 0.5], [0.3, 0.5]]",[],False,False,True,,,735420.4569995952,6,"{'tau': array([], dtype=float64), 'signaled': 0, 'sigma': 12.24744871391589, 'Hset': array([[0.3, 0.5],
       [0.3, 0.5]])}",True,True,34.5,28.5,64.5,28.5
BV:data3,BV,3,False,data/Glaze_Triangles/data_2AFC/raw_data/data_BV.mat,data3,m,2000,2000,2000,unsignaled,0,12.24744871391589,150.0,2,"(1000, 1000)","[[0.3, 0.5], [0.3, 0.5]]","[[0.3, 0.5], [0.3, 0.5]]",[],False,False,True,,,735420.458743215,6,"{'tau': array([], dtype=float64), 'signaled': 0, 'sigma': 12.24744871391589, 'Hset': array([[0.3, 0.5],
       [0.3, 0.5]])}",True,True,34.5,28.5,64.5,28.5
BV:data4_practice,BV,4,True,data/Glaze_Triangles/data_2AFC/raw_data/data_BV.mat,data4_practice,m,120,120,120,signaled,1,10.0,100.0,2,"(60, 60)","[[0.7, 0.1], [0.7, 0.1]]","[[0.7, 0.1], [0.7, 0.1]]",[],False,False,True,,,735423.5777146709,6,"{'tau': array([], dtype=float64), 'signaled': 1, 'sigma': 10, 'Hset': array([[0.7, 0.1],
       [0.7, 0.1]])}",True,True,34.5,28.5,64.5,28.5
BV:data4,BV,4,False,data/Glaze_Triangles/data_2AFC/raw_data/data_BV.mat,data4,m,2000,2000,2000,signaled,1,10.0,100.0,2,"(1000, 1000)","[[0.7, 0.1], [0.7, 0.1]]","[[0.7, 0.1], [0.7, 0.1]]",[],False,False,True,,,735423.5799373315,6,"{'tau': array([], dtype=float64), 'signaled': 1, 'sigma': 10, 'Hset': array([[0.7, 0.1],
       [0.7, 0.1]])}",True,True,34.5,28.5,64.5,28.5
BV:data5_practice,BV,5,True,data/Glaze_Triangles/data_2AFC/raw_data/data_BV.mat,data5_practice,m,120,120,120,unsignaled,0,10.0,100.0,5,"(24, 24, 24, 24, 24)","[[0.5, 0.7, 0.3, 0.1, 0.9], [0.5, 0.7, 0.3, 0.1, 0.9]]","[[0.5, 0.7, 0.3, 0.1, 0.9], [0.5, 0.7, 0.3, 0.1, 0.9]]",[],False,False,True,,,735424.3935256379,6,"{'tau': array([], dtype=float64), 'signaled': 0, 'sigma': 10, 'Hset': array([[0.5, 0.7, 0.3, 0.1, 0.9],
       [0.5, 0.7, 0.3, 0.1, 0.9]])}",True,True,34.5,28.5,64.5,28.5
BV:data5,BV,5,False,data/Glaze_Triangles/data_2AFC/raw_data/data_BV.mat,data5,m,2000,2000,2000,unsignaled,0,10.0,100.0,5,"(400, 400, 400, 400, 400)","[[0.5, 0.7, 0.3, 0.1, 0.9], [0.5, 0.7, 0.3, 0.1, 0.9]]","[[0.5, 0.7, 0.3, 0.1, 0.9], [0.5, 0.7, 0.3, 0.1, 0.9]]",[],False,False,True,,,735424.3952902252,6,"{'tau': array([], dtype=float64), 'signaled': 0, 'sigma': 10, 'Hset': array([[0.5, 0.7, 0.3, 0.1, 0.9],
       [0.5, 0.7, 0.3, 0.1, 0.9]])}",True,True,34.5,28.5,64.5,28.5
CA2:data1_practice,CA2,1,True,data/Glaze_Triangles/data_2AFC/raw_data/data_CA2.mat,data1_practice,f,120,120,120,mixed,2,7.0710678118654755,50.00000000000001,2,"(60, 60)","[[0.1, 0.95], [0.1, 0.95]]","[[0.1, 0.95], [0.1, 0.95]]",[],False,False,True,1.0,20.0,735445.5298355075,5,"{'sigma': 7.0710678118654755, 'signaled': 2, 'Hset': array([[0.1 , 0.95],
       [0.1 , 0.95]]), 'reward': 1, 'penalty': 20}",True,True,34.5,28.5,64.5,28.5
CA2:data1,CA2,1,False,data/Glaze_Triangles/data_2AFC/raw_data/data_CA2.mat,data1,f,2000,2000,2000,mixed,2,7.0710678118654755,50.00000000000001,2,"(1000, 1000)","[[0.1, 0.95], [0.1, 0.95]]","[[0.1, 0.95], [0.1, 0.95]]",[],False,False,True,1.0,20.0,735445.5362377906,5,"{'sigma': 7.0710678118654755, 'signaled': 2, 'Hset': array([[0.1 , 0.95],
       [0.1 , 0.95]]), 'reward': 1, 'penalty': 20}",True,True,34.5,28.5,64.5,28.5
CA2:data2_practice,CA2,2,True,data/Glaze_Triangles/data_2AFC/raw_data/data_CA2.mat,data2_practice,f,120,120,120,signaled,1,7.0710678118654755,50.00000000000001,2,"(60, 60)","[[0.1, 0.9], [0.1, 0.9]]","[[0.1, 0.9], [0.1, 0.9]]",[],False,False,True,1.0,20.0,735452.5831023024,5,"{'sigma': 7.0710678118654755, 'signaled': 1, 'Hset': array([[0.1, 0.9],
       [0.1, 0.9]]), 'reward': 1, 'penalty': 20}",True,True,34.5,28.5,64.5,28.5
CA2:data2,CA2,2,False,data/Glaze_Triangles/data_2AFC/raw_data/data_CA2.mat,data2,f,2000,2000,2000,signaled,1,7.0710678118654755,50.00000000000001,2,"(1000, 1000)","[[0.1, 0.9], [0.1, 0.9]]","[[0.1, 0.9], [0.1, 0.9]]",[],False,False,True,1.0,20.0,735452.5854174114,5,"{'sigma': 7.0710678118654755, 'signaled': 1, 'Hset': array([[0.1, 0.9],
       [0.1, 0.9]]), 'reward': 1, 'penalty': 20}",True,True,34.5,28.5,64.5,28.5
CA2:data3_practice,CA2,3,True,data/Glaze_Triangles/data_2AFC/raw_data/data_CA2.mat,data3_practice,f,120,120,120,unsignaled,0,7.0710678118654755,50.00000000000001,5,"(24, 24, 24, 24, 24)","[[0.1, 0.7, 0.5, 0.3, 0.9], [0.1, 0.7, 0.5, 0.3, 0.9]]","[[0.1, 0.7, 0.5, 0.3, 0.9], [0.1, 0.7, 0.5, 0.3, 0.9]]",[],False,False,True,1.0,20.0,735454.5190405218,5,"{'sigma': 7.0710678118654755, 'signaled': 0, 'Hset': array([[0.1, 0.7, 0.5, 0.3, 0.9],
       [0.1, 0.7, 0.5, 0.3, 0.9]]), 'reward': 1, 'penalty': 20}",True,True,34.5,28.5,64.5,28.5
CA2:data3,CA2,3,False,data/Glaze_Triangles/data_2AFC/raw_data/data_CA2.mat,data3,f,2000,2000,2000,unsignaled,0,7.0710678118654755,50.00000000000001,5,"(400, 400, 400, 400, 400)","[[0.1, 0.7, 0.5, 0.3, 0.9], [0.1, 0.7, 0.5, 0.3, 0.9]]","[[0.1, 0.7, 0.5, 0.3, 0.9], [0.1, 0.7, 0.5, 0.3, 0.9]]",[],False,False,True,1.0,20.0,735454.5207599336,5,"{'sigma': 7.0710678118654755, 'signaled': 0, 'Hset': array([[0.1, 0.7, 0.5, 0.3, 0.9],
       [0.1, 0.7, 0.5, 0.3, 0.9]]), 'reward': 1, 'penalty': 20}",True,True,34.5,28.5,64.5,28.5
CA2:data4_practice,CA2,4,True,data/Glaze_Triangles/data_2AFC/raw_data/data_CA2.mat,data4_practice,f,120,120,120,unsignaled,0,10.0,100.0,5,"(24, 24, 24, 24, 24)","[[0.9, 0.1, 0.5, 0.7, 0.3], [0.9, 0.1, 0.5, 0.7, 0.3]]","[[0.9, 0.1, 0.5, 0.7, 0.3], [0.9, 0.1, 0.5, 0.7, 0.3]]",[],False,False,True,1.0,20.0,735455.5821869851,5,"{'sigma': 10, 'signaled': 0, 'Hset': array([[0.9, 0.1, 0.5, 0.7, 0.3],
       [0.9, 0.1, 0.5, 0.7, 0.3]]), 'reward': 1, 'penalty': 20}",True,True,34.5,28.5,64.5,28.5
CA2:data4,CA2,4,False,data/Glaze_Triangles/data_2AFC/raw_data/data_CA2.mat,data4,f,2000,2000,2000,unsignaled,0,10.0,100.0,5,"(400, 400, 400, 400, 400)","[[0.9, 0.1, 0.5, 0.7, 0.3], [0.9, 0.1, 0.5, 0.7, 0.3]]","[[0.9, 0.1, 0.5, 0.7, 0.3], [0.9, 0.1, 0.5, 0.7, 0.3]]",[],False,False,True,1.0,20.0,735455.5840863396,5,"{'sigma': 10, 'signaled': 0, 'Hset': array([[0.9, 0.1, 0.5, 0.7, 0.3],
       [0.9, 0.1, 0.5, 0.7, 0.3]]), 'reward': 1, 'penalty': 20}",True,True,34.5,28.5,64.5,28.5
CB2:data1_practice,CB2,1,True,data/Glaze_Triangles/data_2AFC/raw_data/data_CB2.mat,data1_practice,f,120,120,120,mixed,2,7.0710678118654755,50.00000000000001,2,"(60, 60)","[[0.7, 0.3], [0.7, 0.3]]","[[0.7, 0.3], [0.7, 0.3]]",[],False,False,True,1.0,20.0,735444.4656793778,7,"{'sigma': 7.0710678118654755, 'signaled': 2, 'Hset': array([[0.7, 0.3],
       [0.7, 0.3]]), 'reward': 1, 'penalty': 20}",True,True,34.5,28.5,64.5,28.5
CB2:data1,CB2,1,False,data/Glaze_Triangles/data_2AFC/raw_data/data_CB2.mat,data1,f,2000,2000,2000,mixed,2,7.0710678118654755,50.00000000000001,2,"(1000, 1000)","[[0.7, 0.3], [0.7, 0.3]]","[[0.7, 0.3], [0.7, 0.3]]",[],False,False,True,1.0,20.0,735444.4692029562,7,"{'sigma': 7.0710678118654755, 'signaled': 2, 'Hset': array([[0.7, 0.3],
       [0.7, 0.3]]), 'reward': 1, 'penalty': 20}",True,True,34.5,28.5,64.5,28.5
CB2:data2_practice,CB2,2,True,data/Glaze_Triangles/data_2AFC/raw_data/data_CB2.mat,data2_practice,f,120,120,120,signaled,1,7.0710678118654755,50.00000000000001,5,"(24, 24, 24, 24, 24)","[[0.5, 0.9, 0.7, 0.3, 0.1], [0.5, 0.9, 0.7, 0.3, 0.1]]","[[0.5, 0.9, 0.7, 0.3, 0.1], [0.5, 0.9, 0.7, 0.3, 0.1]]",[],False,False,True,1.0,20.0,735445.4636667863,7,"{'sigma': 7.0710678118654755, 'signaled': 1, 'Hset': array([[0.5, 0.9, 0.7, 0.3, 0.1],
       [0.5, 0.9, 0.7, 0.3, 0.1]]), 'reward': 1, 'penalty': 20}",True,True,34.5,28.5,64.5,28.5
CB2:data2,CB2,2,False,data/Glaze_Triangles/data_2AFC/raw_data/data_CB2.mat,data2,f,2000,2000,2000,signaled,1,7.0710678118654755,50.00000000000001,5,"(400, 400, 400, 400, 400)","[[0.5, 0.9, 0.7, 0.3, 0.1], [0.5, 0.9, 0.7, 0.3, 0.1]]","[[0.5, 0.9, 0.7, 0.3, 0.1], [0.5, 0.9, 0.7, 0.3, 0.1]]",[],False,False,True,1.0,20.0,735445.4664699179,7,"{'sigma': 7.0710678118654755, 'signaled': 1, 'Hset': array([[0.5, 0.9, 0.7, 0.3, 0.1],
       [0.5, 0.9, 0.7, 0.3, 0.1]]), 'reward': 1, 'penalty': 20}",True,True,34.5,28.5,64.5,28.5
CB2:data3_practice,CB2,3,True,data/Glaze_Triangles/data_2AFC/raw_data/data_CB2.mat,data3_practice,f,120,120,120,unsignaled,0,7.0710678118654755,50.00000000000001,2,"(60, 60)","[[0.5, 0.7], [0.5, 0.7]]","[[0.5, 0.7], [0.5, 0.7]]",[],False,False,True,1.0,20.0,735446.4637272232,7,"{'sigma': 7.0710678118654755, 'signaled': 0, 'Hset': array([[0.5, 0.7],
       [0.5, 0.7]]), 'reward': 1, 'penalty': 20}",True,True,34.5,28.5,64.5,28.5
CB2:data3,CB2,3,False,data/Glaze_Triangles/data_2AFC/raw_data/data_CB2.mat,data3,f,2000,2000,2000,unsignaled,0,7.0710678118654755,50.00000000000001,2,"(1000, 1000)","[[0.5, 0.7], [0.5, 0.7]]","[[0.5, 0.7], [0.5, 0.7]]",[],False,False,True,1.0,20.0,735446.4656899888,7,"{'sigma': 7.0710678118654755, 'signaled': 0, 'Hset': array([[0.5, 0.7],
       [0.5, 0.7]]), 'reward': 1, 'penalty': 20}",True,True,34.5,28.5,64.5,28.5
CB2:data4_practice,CB2,4,True,data/Glaze_Triangles/data_2AFC/raw_data/data_CB2.mat,data4_practice,f,120,120,120,mixed,2,10.0,100.0,2,"(60, 60)","[[0.7, 0.1], [0.7, 0.1]]","[[0.7, 0.1], [0.7, 0.1]]",[],False,False,True,1.0,20.0,735447.4652112105,7,"{'sigma': 10, 'signaled': 2, 'Hset': array([[0.7, 0.1],
       [0.7, 0.1]]), 'reward': 1, 'penalty': 20}",True,True,34.5,28.5,64.5,28.5
CB2:data4,CB2,4,False,data/Glaze_Triangles/data_2AFC/raw_data/data_CB2.mat,data4,f,2000,2000,2000,mixed,2,10.0,100.0,2,"(1000, 1000)","[[0.7, 0.1], [0.7, 0.1]]","[[0.7, 0.1], [0.7, 0.1]]",[],False,False,True,1.0,20.0,735447.4680795777,7,"{'sigma': 10, 'signaled': 2, 'Hset': array([[0.7, 0.1],
       [0.7, 0.1]]), 'reward': 1, 'penalty': 20}",True,True,34.5,28.5,64.5,28.5
CB2:data5_practice,CB2,5,True,data/Glaze_Triangles/data_2AFC/raw_data/data_CB2.mat,data5_practice,f,120,120,120,signaled,1,10.0,100.0,5,"(24, 24, 24, 24, 24)","[[0.9, 0.7, 0.5, 0.3, 0.1], [0.9, 0.7, 0.5, 0.3, 0.1]]","[[0.9, 0.7, 0.5, 0.3, 0.1], [0.9, 0.7, 0.5, 0.3, 0.1]]",[],False,False,True,1.0,20.0,735448.4614060536,7,"{'sigma': 10, 'signaled': 1, 'Hset': array([[0.9, 0.7, 0.5, 0.3, 0.1],
       [0.9, 0.7, 0.5, 0.3, 0.1]]), 'reward': 1, 'penalty': 20}",True,True,34.5,28.5,64.5,28.5
CB2:data5,CB2,5,False,data/Glaze_Triangles/data_2AFC/raw_data/data_CB2.mat,data5,f,2000,2000,2000,signaled,1,10.0,100.0,5,"(400, 400, 400, 400, 400)","[[0.9, 0.7, 0.5, 0.3, 0.1], [0.9, 0.7, 0.5, 0.3, 0.1]]","[[0.9, 0.7, 0.5, 0.3, 0.1], [0.9, 0.7, 0.5, 0.3, 0.1]]",[],False,False,True,1.0,20.0,735448.4637615277,7,"{'sigma': 10, 'signaled': 1, 'Hset': array([[0.9, 0.7, 0.5, 0.3, 0.1],
       [0.9, 0.7, 0.5, 0.3, 0.1]]), 'reward': 1, 'penalty': 20}",True,True,34.5,28.5,64.5,28.5
CB2:data6_practice,CB2,6,True,data/Glaze_Triangles/data_2AFC/raw_data/data_CB2.mat,data6_practice,f,120,120,120,unsignaled,0,10.0,100.0,5,"(24, 24, 24, 24, 24)","[[0.1, 0.5, 0.3, 0.9, 0.7], [0.1, 0.5, 0.3, 0.9, 0.7]]","[[0.1, 0.5, 0.3, 0.9, 0.7], [0.1, 0.5, 0.3, 0.9, 0.7]]",[],False,False,True,1.0,20.0,735451.463784768,7,"{'sigma': 10, 'signaled': 0, 'Hset': array([[0.1, 0.5, 0.3, 0.9, 0.7],
       [0.1, 0.5, 0.3, 0.9, 0.7]]), 'reward': 1, 'penalty': 20}",True,True,34.5,28.5,64.5,28.5
CB2:data6,CB2,6,False,data/Glaze_Triangles/data_2AFC/raw_data/data_CB2.mat,data6,f,2000,2000,2000,unsignaled,0,10.0,100.0,5,"(400, 400, 400, 400, 400)","[[0.1, 0.5, 0.3, 0.9, 0.7], [0.1, 0.5, 0.3, 0.9, 0.7]]","[[0.1, 0.5, 0.3, 0.9, 0.7], [0.1, 0.5, 0.3, 0.9, 0.7]]",[],False,False,True,1.0,20.0,735451.4655390702,7,"{'sigma': 10, 'signaled': 0, 'Hset': array([[0.1, 0.5, 0.3, 0.9, 0.7],
       [0.1, 0.5, 0.3, 0.9, 0.7]]), 'reward': 1, 'penalty': 20}",True,True,34.5,28.5,64.5,28.5
CP:data1,CP,1,False,data/Glaze_Triangles/data_2AFC/raw_data/data_CP.mat,data1,f,2000,2000,2000,signaled,1,10.0,100.0,5,"(400, 400, 400, 400, 400)","[[0.1, 0.7, 0.8999999999999999, 0.3, 0.5], [0.1, 0.7, 0.8999999999999999, 0.3, 0.5]]","[[0.1, 0.7, 0.8999999999999999, 0.3, 0.5], [0.1, 0.7, 0.8999999999999999, 0.3, 0.5]]","[[10.0, 1.4285714285714286, 1.1111111111111112, 3.3333333333333335, 2.0], [10.0, 1.4285714285714286, 1.1111111111111112, 3.3333333333333335, 2.0]]",False,False,True,,,,7,"{'tau': array([[10.        ,  1.42857143,  1.11111111,  3.33333333,  2.        ],
       [10.        ,  1.42857143,  1.11111111,  3.33333333,  2.        ]]), 'signaled': 1, 'sigma': 10, 'Hset': array([[0.1, 0.7, 0.9, 0.3, 0.5],
       [0.1, 0.7, 0.9, 0.3, 0.5]]), 'reward': array([], dtype=float64), 'penalty': array([], dtype=float64)}",True,True,34.5,27.5,64.5,27.5
CP:data2,CP,2,False,data/Glaze_Triangles/data_2AFC/raw_data/data_CP.mat,data2,f,2000,2000,2000,unsignaled,0,12.24744871391589,150.0,2,"(1000, 1000)","[[0.8999999999999999, 0.1], [0.8999999999999999, 0.1]]","[[0.8999999999999999, 0.1], [0.8999999999999999, 0.1]]","[[1.1111111111111112, 10.0], [1.1111111111111112, 10.0]]",False,False,True,,,,7,"{'tau': array([[ 1.11111111, 10.        ],
       [ 1.11111111, 10.        ]]), 'signaled': 0, 'sigma': 12.24744871391589, 'Hset': array([[0.9, 0.1],
       [0.9, 0.1]]), 'reward': array([], dtype=float64), 'penalty': array([], dtype=float64)}",True,True,34.5,27.0,64.5,27.0
CP:data3,CP,3,False,data/Glaze_Triangles/data_2AFC/raw_data/data_CP.mat,data3,f,2000,2000,2000,unsignaled,0,10.0,100.0,2,"(1000, 1000)","[[0.05, 0.7], [0.05, 0.7]]","[[0.05, 0.7], [0.05, 0.7]]","[[20.0, 1.4285714285714286], [20.0, 1.4285714285714286]]",False,False,True,,,,7,"{'tau': array([[20.        ,  1.42857143],
       [20.        ,  1.42857143]]), 'signaled': 0, 'sigma': 10, 'Hset': array([[0.05, 0.7 ],
       [0.05, 0.7 ]]), 'reward': array([], dtype=float64), 'penalty': array([], dtype=float64)}",True,True,34.5,27.0,64.5,27.0
CP:data4,CP,4,False,data/Glaze_Triangles/data_2AFC/raw_data/data_CP.mat,data4,f,2000,2000,2000,unsignaled,0,10.0,100.0,2,"(1000, 1000)","[[0.05, 0.7], [0.05, 0.7]]","[[0.05, 0.7], [0.05, 0.7]]","[[20.0, 1.4285714285714286], [20.0, 1.4285714285714286]]",False,False,True,,,,7,"{'tau': array([[20.        ,  1.42857143],
       [20.        ,  1.42857143]]), 'signaled': 0, 'sigma': 10, 'Hset': array([[0.05, 0.7 ],
       [0.05, 0.7 ]]), 'reward': array([], dtype=float64), 'penalty': array([], dtype=float64)}",True,True,34.5,27.0,64.5,27.0
CP:data5_practice,CP,5,True,data/Glaze_Triangles/data_2AFC/raw_data/data_CP.mat,data5_practice,f,120,120,120,mixed,2,10.0,100.0,2,"(60, 60)","[[0.5, 0.95], [0.5, 0.95]]","[[0.5, 0.95], [0.5, 0.95]]",[],False,False,True,2.0,20.0,735427.6442033324,7,"{'tau': array([], dtype=float64), 'signaled': 2, 'sigma': 10, 'Hset': array([[0.5 , 0.95],
       [0.5 , 0.95]]), 'reward': 2, 'penalty': 20}",True,True,34.5,28.5,64.5,28.5
CP:data5,CP,5,False,data/Glaze_Triangles/data_2AFC/raw_data/data_CP.mat,data5,f,2000,2000,2000,mixed,2,10.0,100.0,2,"(1000, 1000)","[[0.5, 0.95], [0.5, 0.95]]","[[0.5, 0.95], [0.5, 0.95]]",[],False,False,True,2.0,20.0,735427.6465969577,7,"{'tau': array([], dtype=float64), 'signaled': 2, 'sigma': 10, 'Hset': array([[0.5 , 0.95],
       [0.5 , 0.95]]), 'reward': 2, 'penalty': 20}",True,True,34.5,28.5,64.5,28.5
CP:data6_practice,CP,6,True,data/Glaze_Triangles/data_2AFC/raw_data/data_CP.mat,data6_practice,f,120,120,120,mixed,2,12.24744871391589,150.0,2,"(60, 60)","[[0.1, 0.95], [0.1, 0.95]]","[[0.1, 0.95], [0.1, 0.95]]",[],False,False,True,2.0,20.0,735440.6513831344,7,"{'tau': array([], dtype=float64), 'signaled': 2, 'sigma': 12.24744871391589, 'Hset': array([[0.1 , 0.95],
       [0.1 , 0.95]]), 'reward': 2, 'penalty': 20}",True,True,34.5,28.5,64.5,28.5
CP:data6,CP,6,False,data/Glaze_Triangles/data_2AFC/raw_data/data_CP.mat,data6,f,2000,2000,2000,mixed,2,12.24744871391589,150.0,2,"(1000, 1000)","[[0.1, 0.95], [0.1, 0.95]]","[[0.1, 0.95], [0.1, 0.95]]",[],False,False,True,2.0,20.0,735440.654315433,7,"{'tau': array([], dtype=float64), 'signaled': 2, 'sigma': 12.24744871391589, 'Hset': array([[0.1 , 0.95],
       [0.1 , 0.95]]), 'reward': 2, 'penalty': 20}",True,True,34.5,28.5,64.5,28.5
CP1:data1_practice,CP1,1,True,data/Glaze_Triangles/data_2AFC/raw_data/data_CP1.mat,data1_practice,f,120,120,120,mixed,2,7.0710678118654755,50.00000000000001,2,"(60, 60)","[[0.1, 0.95], [0.1, 0.95]]","[[0.1, 0.95], [0.1, 0.95]]",[],False,False,True,1.0,20.0,735441.5885229489,4,"{'sigma': 7.0710678118654755, 'signaled': 2, 'Hset': array([[0.1 , 0.95],
       [0.1 , 0.95]]), 'reward': 1, 'penalty': 20}",True,True,34.5,28.5,64.5,28.5
CP1:data1,CP1,1,False,data/Glaze_Triangles/data_2AFC/raw_data/data_CP1.mat,data1,f,2000,2000,2000,mixed,2,7.0710678118654755,50.00000000000001,2,"(1000, 1000)","[[0.1, 0.95], [0.1, 0.95]]","[[0.1, 0.95], [0.1, 0.95]]",[],False,False,True,1.0,20.0,735441.5918342544,4,"{'sigma': 7.0710678118654755, 'signaled': 2, 'Hset': array([[0.1 , 0.95],
       [0.1 , 0.95]]), 'reward': 1, 'penalty': 20}",True,True,34.5,28.5,64.5,28.5
CP1:data2_practice,CP1,2,True,data/Glaze_Triangles/data_2AFC/raw_data/data_CP1.mat,data2_practice,f,120,120,120,signaled,1,7.0710678118654755,50.00000000000001,5,"(24, 24, 24, 24, 24)","[[0.9, 0.1, 0.3, 0.7, 0.5], [0.9, 0.1, 0.3, 0.7, 0.5]]","[[0.9, 0.1, 0.3, 0.7, 0.5], [0.9, 0.1, 0.3, 0.7, 0.5]]",[],False,False,True,1.0,20.0,735454.4595958942,4,"{'sigma': 7.0710678118654755, 'signaled': 1, 'Hset': array([[0.9, 0.1, 0.3, 0.7, 0.5],
       [0.9, 0.1, 0.3, 0.7, 0.5]]), 'reward': 1, 'penalty': 20}",True,True,34.5,28.5,64.5,28.5
CP1:data2,CP1,2,False,data/Glaze_Triangles/data_2AFC/raw_data/data_CP1.mat,data2,f,2000,2000,2000,signaled,1,7.0710678118654755,50.00000000000001,5,"(400, 400, 400, 400, 400)","[[0.9, 0.1, 0.3, 0.7, 0.5], [0.9, 0.1, 0.3, 0.7, 0.5]]","[[0.9, 0.1, 0.3, 0.7, 0.5], [0.9, 0.1, 0.3, 0.7, 0.5]]",[],False,False,True,1.0,20.0,735454.4620084078,4,"{'sigma': 7.0710678118654755, 'signaled': 1, 'Hset': array([[0.9, 0.1, 0.3, 0.7, 0.5],
       [0.9, 0.1, 0.3, 0.7, 0.5]]), 'reward': 1, 'penalty': 20}",True,True,34.5,28.5,64.5,28.5
CP1:data3_practice,CP1,3,True,data/Glaze_Triangles/data_2AFC/raw_data/data_CP1.mat,data3_practice,f,120,120,120,unsignaled,0,7.0710678118654755,50.00000000000001,2,"(60, 60)","[[0.7, 0.5], [0.7, 0.5]]","[[0.7, 0.5], [0.7, 0.5]]",[],False,False,True,1.0,20.0,735455.5229110613,4,"{'sigma': 7.0710678118654755, 'signaled': 0, 'Hset': array([[0.7, 0.5],
       [0.7, 0.5]]), 'reward': 1, 'penalty': 20}",True,True,34.5,28.5,64.5,28.5
CP1:data3,CP1,3,False,data/Glaze_Triangles/data_2AFC/raw_data/data_CP1.mat,data3,f,2000,2000,2000,unsignaled,0,7.0710678118654755,50.00000000000001,2,"(1000, 1000)","[[0.7, 0.5], [0.7, 0.5]]","[[0.7, 0.5], [0.7, 0.5]]",[],False,False,True,1.0,20.0,735455.524611767,4,"{'sigma': 7.0710678118654755, 'signaled': 0, 'Hset': array([[0.7, 0.5],
       [0.7, 0.5]]), 'reward': 1, 'penalty': 20}",True,True,34.5,28.5,64.5,28.5
DB1:data1_practice,DB1,1,True,data/Glaze_Triangles/data_2AFC/raw_data/data_DB1.mat,data1_practice,m,120,119,119,unsignaled,0,12.24744871391589,150.0,2,"(60, 60)","[[0.05, 0.3], [0.05, 0.3]]","[[0.05, 0.3], [0.05, 0.3]]",[],False,False,True,2.0,20.0,735454.6509016,2,"{'sigma': 12.24744871391589, 'signaled': 0, 'Hset': array([[0.05, 0.3 ],
       [0.05, 0.3 ]]), 'reward': 2, 'penalty': 20}",True,True,34.5,28.5,64.5,28.5
DB1:data1,DB1,1,False,data/Glaze_Triangles/data_2AFC/raw_data/data_DB1.mat,data1,m,2000,1999,1999,unsignaled,0,12.24744871391589,150.0,2,"(1000, 1000)","[[0.05, 0.3], [0.05, 0.3]]","[[0.05, 0.3], [0.05, 0.3]]",[],False,False,True,2.0,20.0,735454.6532758271,2,"{'sigma': 12.24744871391589, 'signaled': 0, 'Hset': array([[0.05, 0.3 ],
       [0.05, 0.3 ]]), 'reward': 2, 'penalty': 20}",True,True,34.5,28.5,64.5,28.5
DH1:data1_practice,DH1,1,True,data/Glaze_Triangles/data_2AFC/raw_data/data_DH1.mat,data1_practice,f,120,120,120,mixed,2,7.0710678118654755,50.00000000000001,2,"(60, 60)","[[0.7, 0.05], [0.7, 0.05]]","[[0.7, 0.05], [0.7, 0.05]]",[],False,False,True,1.0,20.0,735444.3994848186,3,"{'sigma': 7.0710678118654755, 'signaled': 2, 'Hset': array([[0.7 , 0.05],
       [0.7 , 0.05]]), 'reward': 1, 'penalty': 20}",True,True,34.5,28.5,64.5,28.5
DH1:data1,DH1,1,False,data/Glaze_Triangles/data_2AFC/raw_data/data_DH1.mat,data1,f,2000,2000,2000,mixed,2,7.0710678118654755,50.00000000000001,2,"(1000, 1000)","[[0.7, 0.05], [0.7, 0.05]]","[[0.7, 0.05], [0.7, 0.05]]",[],False,False,True,1.0,20.0,735444.4087588016,3,"{'sigma': 7.0710678118654755, 'signaled': 2, 'Hset': array([[0.7 , 0.05],
       [0.7 , 0.05]]), 'reward': 1, 'penalty': 20}",True,True,34.5,28.5,64.5,28.5
DH1:data2_practice,DH1,2,True,data/Glaze_Triangles/data_2AFC/raw_data/data_DH1.mat,data2_practice,f,120,120,120,signaled,1,7.0710678118654755,50.00000000000001,5,"(24, 24, 24, 24, 24)","[[0.7, 0.3, 0.9, 0.1, 0.5], [0.7, 0.3, 0.9, 0.1, 0.5]]","[[0.7, 0.3, 0.9, 0.1, 0.5], [0.7, 0.3, 0.9, 0.1, 0.5]]",[],False,False,True,1.0,20.0,735446.4144627822,3,"{'sigma': 7.0710678118654755, 'signaled': 1, 'Hset': array([[0.7, 0.3, 0.9, 0.1, 0.5],
       [0.7, 0.3, 0.9, 0.1, 0.5]]), 'reward': 1, 'penalty': 20}",True,True,34.5,28.5,64.5,28.5
DH1:data2,DH1,2,False,data/Glaze_Triangles/data_2AFC/raw_data/data_DH1.mat,data2,f,2000,2000,2000,signaled,1,7.0710678118654755,50.00000000000001,5,"(400, 400, 400, 400, 400)","[[0.7, 0.3, 0.9, 0.1, 0.5], [0.7, 0.3, 0.9, 0.1, 0.5]]","[[0.7, 0.3, 0.9, 0.1, 0.5], [0.7, 0.3, 0.9, 0.1, 0.5]]",[],False,False,True,1.0,20.0,735446.4169756776,3,"{'sigma': 7.0710678118654755, 'signaled': 1, 'Hset': array([[0.7, 0.3, 0.9, 0.1, 0.5],
       [0.7, 0.3, 0.9, 0.1, 0.5]]), 'reward': 1, 'penalty': 20}",True,True,34.5,28.5,64.5,28.5
DN1:data1_practice,DN1,1,True,data/Glaze_Triangles/data_2AFC/raw_data/data_DN1.mat,data1_practice,f,120,120,120,mixed,2,7.0710678118654755,50.00000000000001,2,"(60, 60)","[[0.9, 0.05], [0.9, 0.05]]","[[0.9, 0.05], [0.9, 0.05]]",[],False,False,True,1.0,20.0,735432.5265515938,7,"{'sigma': 7.0710678118654755, 'signaled': 2, 'Hset': array([[0.9 , 0.05],
       [0.9 , 0.05]]), 'reward': 1, 'penalty': 20}",True,True,34.5,28.5,64.5,28.5
DN1:data1,DN1,1,False,data/Glaze_Triangles/data_2AFC/raw_data/data_DN1.mat,data1,f,2000,2000,2000,mixed,2,7.0710678118654755,50.00000000000001,2,"(1000, 1000)","[[0.9, 0.05], [0.9, 0.05]]","[[0.9, 0.05], [0.9, 0.05]]",[],False,False,True,1.0,20.0,735432.5294217053,7,"{'sigma': 7.0710678118654755, 'signaled': 2, 'Hset': array([[0.9 , 0.05],
       [0.9 , 0.05]]), 'reward': 1, 'penalty': 20}",True,True,34.5,28.5,64.5,28.5
DN1:data2_practice,DN1,2,True,data/Glaze_Triangles/data_2AFC/raw_data/data_DN1.mat,data2_practice,f,120,120,120,mixed,2,10.0,100.0,2,"(60, 60)","[[0.7, 0.9], [0.7, 0.9]]","[[0.7, 0.9], [0.7, 0.9]]",[],False,False,True,1.0,20.0,735437.5203955141,7,"{'sigma': 10, 'signaled': 2, 'Hset': array([[0.7, 0.9],
       [0.7, 0.9]]), 'reward': 1, 'penalty': 20}",True,True,34.5,28.5,64.5,28.5
DN1:data2,DN1,2,False,data/Glaze_Triangles/data_2AFC/raw_data/data_DN1.mat,data2,f,2000,2000,2000,mixed,2,10.0,100.0,2,"(1000, 1000)","[[0.7, 0.9], [0.7, 0.9]]","[[0.7, 0.9], [0.7, 0.9]]",[],False,False,True,1.0,20.0,735437.523560625,7,"{'sigma': 10, 'signaled': 2, 'Hset': array([[0.7, 0.9],
       [0.7, 0.9]]), 'reward': 1, 'penalty': 20}",True,True,34.5,28.5,64.5,28.5
DN1:data3_practice,DN1,3,True,data/Glaze_Triangles/data_2AFC/raw_data/data_DN1.mat,data3_practice,f,120,120,120,signaled,1,7.0710678118654755,50.00000000000001,5,"(24, 24, 24, 24, 24)","[[0.5, 0.3, 0.9, 0.1, 0.7], [0.5, 0.3, 0.9, 0.1, 0.7]]","[[0.5, 0.3, 0.9, 0.1, 0.7], [0.5, 0.3, 0.9, 0.1, 0.7]]",[],False,False,True,1.0,20.0,735438.3988751122,7,"{'sigma': 7.0710678118654755, 'signaled': 1, 'Hset': array([[0.5, 0.3, 0.9, 0.1, 0.7],
       [0.5, 0.3, 0.9, 0.1, 0.7]]), 'reward': 1, 'penalty': 20}",True,True,34.5,28.5,64.5,28.5
DN1:data3,DN1,3,False,data/Glaze_Triangles/data_2AFC/raw_data/data_DN1.mat,data3,f,2000,2000,2000,signaled,1,7.0710678118654755,50.00000000000001,5,"(400, 400, 400, 400, 400)","[[0.5, 0.3, 0.9, 0.1, 0.7], [0.5, 0.3, 0.9, 0.1, 0.7]]","[[0.5, 0.3, 0.9, 0.1, 0.7], [0.5, 0.3, 0.9, 0.1, 0.7]]",[],False,False,True,1.0,20.0,735438.4013231636,7,"{'sigma': 7.0710678118654755, 'signaled': 1, 'Hset': array([[0.5, 0.3, 0.9, 0.1, 0.7],
       [0.5, 0.3, 0.9, 0.1, 0.7]]), 'reward': 1, 'penalty': 20}",True,True,34.5,28.5,64.5,28.5
DN1:data4_practice,DN1,4,True,data/Glaze_Triangles/data_2AFC/raw_data/data_DN1.mat,data4_practice,f,120,120,120,unsignaled,0,10.0,100.0,5,"(24, 24, 24, 24, 24)","[[0.9, 0.7, 0.5, 0.1, 0.3], [0.9, 0.7, 0.5, 0.1, 0.3]]","[[0.9, 0.7, 0.5, 0.1, 0.3], [0.9, 0.7, 0.5, 0.1, 0.3]]",[],False,False,True,1.0,20.0,735439.5221502173,7,"{'sigma': 10, 'signaled': 0, 'Hset': array([[0.9, 0.7, 0.5, 0.1, 0.3],
       [0.9, 0.7, 0.5, 0.1, 0.3]]), 'reward': 1, 'penalty': 20}",True,True,34.5,28.5,64.5,28.5
DN1:data4,DN1,4,False,data/Glaze_Triangles/data_2AFC/raw_data/data_DN1.mat,data4,f,2000,2000,2000,unsignaled,0,10.0,100.0,5,"(400, 400, 400, 400, 400)","[[0.9, 0.7, 0.5, 0.1, 0.3], [0.9, 0.7, 0.5, 0.1, 0.3]]","[[0.9, 0.7, 0.5, 0.1, 0.3], [0.9, 0.7, 0.5, 0.1, 0.3]]",[],False,False,True,1.0,20.0,735439.5241092069,7,"{'sigma': 10, 'signaled': 0, 'Hset': array([[0.9, 0.7, 0.5, 0.1, 0.3],
       [0.9, 0.7, 0.5, 0.1, 0.3]]), 'reward': 1, 'penalty': 20}",True,True,34.5,28.5,64.5,28.5
DN1:data5_practice,DN1,5,True,data/Glaze_Triangles/data_2AFC/raw_data/data_DN1.mat,data5_practice,f,120,120,120,unsignaled,0,7.0710678118654755,50.00000000000001,5,"(24, 24, 24, 24, 24)","[[0.9, 0.5, 0.1, 0.7, 0.3], [0.9, 0.5, 0.1, 0.7, 0.3]]","[[0.9, 0.5, 0.1, 0.7, 0.3], [0.9, 0.5, 0.1, 0.7, 0.3]]",[],False,False,True,1.0,20.0,735440.5236004068,7,"{'sigma': 7.0710678118654755, 'signaled': 0, 'Hset': array([[0.9, 0.5, 0.1, 0.7, 0.3],
       [0.9, 0.5, 0.1, 0.7, 0.3]]), 'reward': 1, 'penalty': 20}",True,True,34.5,28.5,64.5,28.5
DN1:data5,DN1,5,False,data/Glaze_Triangles/data_2AFC/raw_data/data_DN1.mat,data5,f,2000,2000,2000,unsignaled,0,7.0710678118654755,50.00000000000001,5,"(400, 400, 400, 400, 400)","[[0.9, 0.5, 0.1, 0.7, 0.3], [0.9, 0.5, 0.1, 0.7, 0.3]]","[[0.9, 0.5, 0.1, 0.7, 0.3], [0.9, 0.5, 0.1, 0.7, 0.3]]",[],False,False,True,1.0,20.0,735440.5254195522,7,"{'sigma': 7.0710678118654755, 'signaled': 0, 'Hset': array([[0.9, 0.5, 0.1, 0.7, 0.3],
       [0.9, 0.5, 0.1, 0.7, 0.3]]), 'reward': 1, 'penalty': 20}",True,True,34.5,28.5,64.5,28.5
DN1:data6_practice,DN1,6,True,data/Glaze_Triangles/data_2AFC/raw_data/data_DN1.mat,data6_practice,f,120,120,120,signaled,1,10.0,100.0,5,"(24, 24, 24, 24, 24)","[[0.1, 0.5, 0.7, 0.9, 0.3], [0.1, 0.5, 0.7, 0.9, 0.3]]","[[0.1, 0.5, 0.7, 0.9, 0.3], [0.1, 0.5, 0.7, 0.9, 0.3]]",[],False,False,True,1.0,20.0,735441.4624721118,7,"{'sigma': 10, 'signaled': 1, 'Hset': array([[0.1, 0.5, 0.7, 0.9, 0.3],
       [0.1, 0.5, 0.7, 0.9, 0.3]]), 'reward': 1, 'penalty': 20}",True,True,34.5,28.5,64.5,28.5
DN1:data6,DN1,6,False,data/Glaze_Triangles/data_2AFC/raw_data/data_DN1.mat,data6,f,2000,2000,2000,signaled,1,10.0,100.0,5,"(400, 400, 400, 400, 400)","[[0.1, 0.5, 0.7, 0.9, 0.3], [0.1, 0.5, 0.7, 0.9, 0.3]]","[[0.1, 0.5, 0.7, 0.9, 0.3], [0.1, 0.5, 0.7, 0.9, 0.3]]",[],False,False,True,1.0,20.0,735441.466219776,7,"{'sigma': 10, 'signaled': 1, 'Hset': array([[0.1, 0.5, 0.7, 0.9, 0.3],
       [0.1, 0.5, 0.7, 0.9, 0.3]]), 'reward': 1, 'penalty': 20}",True,True,34.5,28.5,64.5,28.5
EGAO:data1_practice,EGAO,1,True,data/Glaze_Triangles/data_2AFC/raw_data/data_EGAO.mat,data1_practice,f,120,120,120,unsignaled,0,10.0,100.0,2,"(60, 60)","[[0.3, 0.05], [0.3, 0.05]]","[[0.3, 0.05], [0.3, 0.05]]",[],False,False,True,1.0,20.0,735430.4025728874,6,"{'sigma': 10, 'signaled': 0, 'Hset': array([[0.3 , 0.05],
       [0.3 , 0.05]]), 'reward': 1, 'penalty': 20}",True,True,34.5,28.5,64.5,28.5
EGAO:data1,EGAO,1,False,data/Glaze_Triangles/data_2AFC/raw_data/data_EGAO.mat,data1,f,2000,2000,2000,unsignaled,0,10.0,100.0,2,"(1000, 1000)","[[0.3, 0.05], [0.3, 0.05]]","[[0.3, 0.05], [0.3, 0.05]]",[],False,False,True,1.0,20.0,735430.4050419013,6,"{'sigma': 10, 'signaled': 0, 'Hset': array([[0.3 , 0.05],
       [0.3 , 0.05]]), 'reward': 1, 'penalty': 20}",True,True,34.5,28.5,64.5,28.5
EGAO:data2_practice,EGAO,2,True,data/Glaze_Triangles/data_2AFC/raw_data/data_EGAO.mat,data2_practice,f,120,120,120,unsignaled,0,7.0710678118654755,50.00000000000001,2,"(60, 60)","[[0.9, 0.05], [0.9, 0.05]]","[[0.9, 0.05], [0.9, 0.05]]",[],False,False,True,1.0,20.0,735432.4036274151,6,"{'sigma': 7.0710678118654755, 'signaled': 0, 'Hset': array([[0.9 , 0.05],
       [0.9 , 0.05]]), 'reward': 1, 'penalty': 20}",True,True,34.5,28.5,64.5,28.5
EGAO:data2,EGAO,2,False,data/Glaze_Triangles/data_2AFC/raw_data/data_EGAO.mat,data2,f,2000,2000,2000,unsignaled,0,7.0710678118654755,50.00000000000001,2,"(1000, 1000)","[[0.9, 0.05], [0.9, 0.05]]","[[0.9, 0.05], [0.9, 0.05]]",[],False,False,True,1.0,20.0,735432.4056547671,6,"{'sigma': 7.0710678118654755, 'signaled': 0, 'Hset': array([[0.9 , 0.05],
       [0.9 , 0.05]]), 'reward': 1, 'penalty': 20}",True,True,34.5,28.5,64.5,28.5
EGAO:data3_practice,EGAO,3,True,data/Glaze_Triangles/data_2AFC/raw_data/data_EGAO.mat,data3_practice,f,120,120,120,signaled,1,7.0710678118654755,50.00000000000001,5,"(24, 24, 24, 24, 24)","[[0.3, 0.1, 0.9, 0.5, 0.7], [0.3, 0.1, 0.9, 0.5, 0.7]]","[[0.3, 0.1, 0.9, 0.5, 0.7], [0.3, 0.1, 0.9, 0.5, 0.7]]",[],False,False,True,1.0,20.0,735434.6535639114,6,"{'sigma': 7.0710678118654755, 'signaled': 1, 'Hset': array([[0.3, 0.1, 0.9, 0.5, 0.7],
       [0.3, 0.1, 0.9, 0.5, 0.7]]), 'reward': 1, 'penalty': 20}",True,True,34.5,28.5,64.5,28.5
EGAO:data3,EGAO,3,False,data/Glaze_Triangles/data_2AFC/raw_data/data_EGAO.mat,data3,f,2000,2000,2000,signaled,1,7.0710678118654755,50.00000000000001,5,"(400, 400, 400, 400, 400)","[[0.3, 0.1, 0.9, 0.5, 0.7], [0.3, 0.1, 0.9, 0.5, 0.7]]","[[0.3, 0.1, 0.9, 0.5, 0.7], [0.3, 0.1, 0.9, 0.5, 0.7]]",[],False,False,True,1.0,20.0,735434.6564877484,6,"{'sigma': 7.0710678118654755, 'signaled': 1, 'Hset': array([[0.3, 0.1, 0.9, 0.5, 0.7],
       [0.3, 0.1, 0.9, 0.5, 0.7]]), 'reward': 1, 'penalty': 20}",True,True,34.5,28.5,64.5,28.5
EGAO:data4_practice,EGAO,4,True,data/Glaze_Triangles/data_2AFC/raw_data/data_EGAO.mat,data4_practice,f,120,120,120,mixed,2,7.0710678118654755,50.00000000000001,2,"(60, 60)","[[0.9, 0.05], [0.9, 0.05]]","[[0.9, 0.05], [0.9, 0.05]]",[],False,False,True,1.0,20.0,735437.6525136451,6,"{'sigma': 7.0710678118654755, 'signaled': 2, 'Hset': array([[0.9 , 0.05],
       [0.9 , 0.05]]), 'reward': 1, 'penalty': 20}",True,True,34.5,28.5,64.5,28.5
EGAO:data4,EGAO,4,False,data/Glaze_Triangles/data_2AFC/raw_data/data_EGAO.mat,data4,f,2000,2000,2000,mixed,2,7.0710678118654755,50.00000000000001,2,"(1000, 1000)","[[0.9, 0.05], [0.9, 0.05]]","[[0.9, 0.05], [0.9, 0.05]]",[],False,False,True,1.0,20.0,735437.6546145623,6,"{'sigma': 7.0710678118654755, 'signaled': 2, 'Hset': array([[0.9 , 0.05],
       [0.9 , 0.05]]), 'reward': 1, 'penalty': 20}",True,True,34.5,28.5,64.5,28.5
EGAO:data5_practice,EGAO,5,True,data/Glaze_Triangles/data_2AFC/raw_data/data_EGAO.mat,data5_practice,f,120,120,120,mixed,2,10.0,100.0,2,"(60, 60)","[[0.7, 0.3], [0.7, 0.3]]","[[0.7, 0.3], [0.7, 0.3]]",[],False,False,True,1.0,20.0,735440.587761624,6,"{'sigma': 10, 'signaled': 2, 'Hset': array([[0.7, 0.3],
       [0.7, 0.3]]), 'reward': 1, 'penalty': 20}",True,True,34.5,28.5,64.5,28.5
EGAO:data5,EGAO,5,False,data/Glaze_Triangles/data_2AFC/raw_data/data_EGAO.mat,data5,f,2000,2000,2000,mixed,2,10.0,100.0,2,"(1000, 1000)","[[0.7, 0.3], [0.7, 0.3]]","[[0.7, 0.3], [0.7, 0.3]]",[],False,False,True,1.0,20.0,735440.5899458742,6,"{'sigma': 10, 'signaled': 2, 'Hset': array([[0.7, 0.3],
       [0.7, 0.3]]), 'reward': 1, 'penalty': 20}",True,True,34.5,28.5,64.5,28.5
EH1:data1_practice,EH1,1,True,data/Glaze_Triangles/data_2AFC/raw_data/data_EH1.mat,data1_practice,f,120,120,120,signaled,1,10.0,100.0,2,"(60, 60)","[[0.9, 0.1], [0.9, 0.1]]","[[0.9, 0.1], [0.9, 0.1]]",[],False,False,True,,,735423.4678352061,5,"{'sigma': 10, 'signaled': 1, 'Hset': array([[0.9, 0.1],
       [0.9, 0.1]])}",True,True,34.5,28.5,64.5,28.5
EH1:data1,EH1,1,False,data/Glaze_Triangles/data_2AFC/raw_data/data_EH1.mat,data1,f,2000,2000,2000,signaled,1,10.0,100.0,2,"(1000, 1000)","[[0.9, 0.1], [0.9, 0.1]]","[[0.9, 0.1], [0.9, 0.1]]",[],False,False,True,,,735423.472659427,5,"{'sigma': 10, 'signaled': 1, 'Hset': array([[0.9, 0.1],
       [0.9, 0.1]])}",True,True,34.5,28.5,64.5,28.5
EH1:data2_practice,EH1,2,True,data/Glaze_Triangles/data_2AFC/raw_data/data_EH1.mat,data2_practice,f,120,120,120,mixed,2,10.0,100.0,2,"(60, 60)","[[0.7, 0.95], [0.7, 0.95]]","[[0.7, 0.95], [0.7, 0.95]]",[],False,False,True,2.0,20.0,735426.4615271033,5,"{'sigma': 10, 'signaled': 2, 'Hset': array([[0.7 , 0.95],
       [0.7 , 0.95]])}",True,True,34.5,28.5,64.5,28.5
EH1:data2,EH1,2,False,data/Glaze_Triangles/data_2AFC/raw_data/data_EH1.mat,data2,f,2000,2000,2000,mixed,2,10.0,100.0,2,"(1000, 1000)","[[0.7, 0.95], [0.7, 0.95]]","[[0.7, 0.95], [0.7, 0.95]]",[],False,False,True,2.0,20.0,735426.4643811997,5,"{'sigma': 10, 'signaled': 2, 'Hset': array([[0.7 , 0.95],
       [0.7 , 0.95]])}",True,True,34.5,28.5,64.5,28.5
EH1:data3_practice,EH1,3,True,data/Glaze_Triangles/data_2AFC/raw_data/data_EH1.mat,data3_practice,f,120,120,120,signaled,1,12.24744871391589,150.0,2,"(60, 60)","[[0.95, 0.7], [0.95, 0.7]]","[[0.95, 0.7], [0.95, 0.7]]",[],False,False,True,2.0,20.0,735427.4594037269,5,"{'sigma': 12.24744871391589, 'signaled': 1, 'Hset': array([[0.95, 0.7 ],
       [0.95, 0.7 ]])}",True,True,34.5,28.5,64.5,28.5
EH1:data3,EH1,3,False,data/Glaze_Triangles/data_2AFC/raw_data/data_EH1.mat,data3,f,2000,2000,2000,signaled,1,12.24744871391589,150.0,2,"(1000, 1000)","[[0.95, 0.7], [0.95, 0.7]]","[[0.95, 0.7], [0.95, 0.7]]",[],False,False,True,2.0,20.0,735427.4622769104,5,"{'sigma': 12.24744871391589, 'signaled': 1, 'Hset': array([[0.95, 0.7 ],
       [0.95, 0.7 ]])}",True,True,34.5,28.5,64.5,28.5
EH1:data4_practice,EH1,4,True,data/Glaze_Triangles/data_2AFC/raw_data/data_EH1.mat,data4_practice,f,120,120,120,unsignaled,0,10.0,100.0,5,"(24, 24, 24, 24, 24)","[[0.3, 0.9, 0.5, 0.1, 0.7], [0.3, 0.9, 0.5, 0.1, 0.7]]","[[0.3, 0.9, 0.5, 0.1, 0.7], [0.3, 0.9, 0.5, 0.1, 0.7]]",[],False,False,True,2.0,20.0,735430.5225464094,5,"{'sigma': 10, 'signaled': 0, 'Hset': array([[0.3, 0.9, 0.5, 0.1, 0.7],
       [0.3, 0.9, 0.5, 0.1, 0.7]])}",True,True,34.5,28.5,64.5,28.5
EH1:data4,EH1,4,False,data/Glaze_Triangles/data_2AFC/raw_data/data_EH1.mat,data4,f,2000,2000,2000,unsignaled,0,10.0,100.0,5,"(400, 400, 400, 400, 400)","[[0.3, 0.9, 0.5, 0.1, 0.7], [0.3, 0.9, 0.5, 0.1, 0.7]]","[[0.3, 0.9, 0.5, 0.1, 0.7], [0.3, 0.9, 0.5, 0.1, 0.7]]",[],False,False,True,2.0,20.0,735430.5249848259,5,"{'sigma': 10, 'signaled': 0, 'Hset': array([[0.3, 0.9, 0.5, 0.1, 0.7],
       [0.3, 0.9, 0.5, 0.1, 0.7]])}",True,True,34.5,28.5,64.5,28.5
GC1:data1_practice,GC1,1,True,data/Glaze_Triangles/data_2AFC/raw_data/data_GC1.mat,data1_practice,f,120,120,120,mixed,2,12.24744871391589,150.0,2,"(60, 60)","[[0.95, 0.9], [0.95, 0.9]]","[[0.95, 0.9], [0.95, 0.9]]",[],False,False,True,,,735418.588884067,7,"{'sigma': 12.24744871391589, 'signaled': 2, 'Hset': array([[0.95, 0.9 ],
       [0.95, 0.9 ]])}",True,True,34.5,28.5,64.5,28.5
GC1:data1,GC1,1,False,data/Glaze_Triangles/data_2AFC/raw_data/data_GC1.mat,data1,f,2000,2000,2000,mixed,2,12.24744871391589,150.0,2,"(1000, 1000)","[[0.95, 0.9], [0.95, 0.9]]","[[0.95, 0.9], [0.95, 0.9]]",[],False,False,True,,,735418.5924582706,7,"{'sigma': 12.24744871391589, 'signaled': 2, 'Hset': array([[0.95, 0.9 ],
       [0.95, 0.9 ]])}",True,True,34.5,28.5,64.5,28.5
GC1:data2_practice,GC1,2,True,data/Glaze_Triangles/data_2AFC/raw_data/data_GC1.mat,data2_practice,f,120,120,120,unsignaled,0,12.24744871391589,150.0,2,"(60, 60)","[[0.5, 0.7], [0.5, 0.7]]","[[0.5, 0.7], [0.5, 0.7]]",[],False,False,True,2.0,20.0,735425.525242678,7,"{'sigma': 12.24744871391589, 'signaled': 0, 'Hset': array([[0.5, 0.7],
       [0.5, 0.7]])}",True,True,34.5,28.5,64.5,28.5
GC1:data2,GC1,2,False,data/Glaze_Triangles/data_2AFC/raw_data/data_GC1.mat,data2,f,2000,2000,2000,unsignaled,0,12.24744871391589,150.0,2,"(1000, 1000)","[[0.5, 0.7], [0.5, 0.7]]","[[0.5, 0.7], [0.5, 0.7]]",[],False,False,True,2.0,20.0,735425.5273438563,7,"{'sigma': 12.24744871391589, 'signaled': 0, 'Hset': array([[0.5, 0.7],
       [0.5, 0.7]])}",True,True,34.5,28.5,64.5,28.5
GC1:data3_practice,GC1,3,True,data/Glaze_Triangles/data_2AFC/raw_data/data_GC1.mat,data3_practice,f,120,120,120,mixed,2,10.0,100.0,2,"(60, 60)","[[0.9, 0.05], [0.9, 0.05]]","[[0.9, 0.05], [0.9, 0.05]]",[],False,False,True,2.0,20.0,735425.5646872947,7,"{'sigma': 10, 'signaled': 2, 'Hset': array([[0.9 , 0.05],
       [0.9 , 0.05]])}",True,True,34.5,28.5,64.5,28.5
GC1:data3,GC1,3,False,data/Glaze_Triangles/data_2AFC/raw_data/data_GC1.mat,data3,f,2000,2000,2000,mixed,2,10.0,100.0,2,"(1000, 1000)","[[0.9, 0.05], [0.9, 0.05]]","[[0.9, 0.05], [0.9, 0.05]]",[],False,False,True,2.0,20.0,735425.5670395122,7,"{'sigma': 10, 'signaled': 2, 'Hset': array([[0.9 , 0.05],
       [0.9 , 0.05]])}",True,True,34.5,28.5,64.5,28.5
GC1:data4_practice,GC1,4,True,data/Glaze_Triangles/data_2AFC/raw_data/data_GC1.mat,data4_practice,f,120,120,120,unsignaled,0,10.0,100.0,5,"(24, 24, 24, 24, 24)","[[0.3, 0.1, 0.7, 0.9, 0.5], [0.3, 0.1, 0.7, 0.9, 0.5]]","[[0.3, 0.1, 0.7, 0.9, 0.5], [0.3, 0.1, 0.7, 0.9, 0.5]]",[],False,False,True,2.0,20.0,735433.3975739761,7,"{'sigma': 10, 'signaled': 0, 'Hset': array([[0.3, 0.1, 0.7, 0.9, 0.5],
       [0.3, 0.1, 0.7, 0.9, 0.5]])}",True,True,34.5,28.5,64.5,28.5
GC1:data4,GC1,4,False,data/Glaze_Triangles/data_2AFC/raw_data/data_GC1.mat,data4,f,2000,2000,2000,unsignaled,0,10.0,100.0,5,"(400, 400, 400, 400, 400)","[[0.3, 0.1, 0.7, 0.9, 0.5], [0.3, 0.1, 0.7, 0.9, 0.5]]","[[0.3, 0.1, 0.7, 0.9, 0.5], [0.3, 0.1, 0.7, 0.9, 0.5]]",[],False,False,True,2.0,20.0,735433.3994950728,7,"{'sigma': 10, 'signaled': 0, 'Hset': array([[0.3, 0.1, 0.7, 0.9, 0.5],
       [0.3, 0.1, 0.7, 0.9, 0.5]])}",True,True,34.5,28.5,64.5,28.5
GC1:data5_practice,GC1,5,True,data/Glaze_Triangles/data_2AFC/raw_data/data_GC1.mat,data5_practice,f,120,120,120,signaled,1,10.0,100.0,2,"(60, 60)","[[0.95, 0.5], [0.95, 0.5]]","[[0.95, 0.5], [0.95, 0.5]]",[],False,False,True,2.0,20.0,735434.4579090823,7,"{'sigma': 10, 'signaled': 1, 'Hset': array([[0.95, 0.5 ],
       [0.95, 0.5 ]])}",True,True,34.5,28.5,64.5,28.5
GC1:data5,GC1,5,False,data/Glaze_Triangles/data_2AFC/raw_data/data_GC1.mat,data5,f,2000,2000,2000,signaled,1,10.0,100.0,2,"(1000, 1000)","[[0.95, 0.5], [0.95, 0.5]]","[[0.95, 0.5], [0.95, 0.5]]",[],False,False,True,2.0,20.0,735434.460169243,7,"{'sigma': 10, 'signaled': 1, 'Hset': array([[0.95, 0.5 ],
       [0.95, 0.5 ]])}",True,True,34.5,28.5,64.5,28.5
GC1:data6_practice,GC1,6,True,data/Glaze_Triangles/data_2AFC/raw_data/data_GC1.mat,data6_practice,f,120,120,120,unsignaled,0,12.24744871391589,150.0,5,"(24, 24, 24, 24, 24)","[[0.7, 0.3, 0.9, 0.1, 0.5], [0.7, 0.3, 0.9, 0.1, 0.5]]","[[0.7, 0.3, 0.9, 0.1, 0.5], [0.7, 0.3, 0.9, 0.1, 0.5]]",[],False,False,True,2.0,20.0,735440.3990836056,7,"{'sigma': 12.24744871391589, 'signaled': 0, 'Hset': array([[0.7, 0.3, 0.9, 0.1, 0.5],
       [0.7, 0.3, 0.9, 0.1, 0.5]])}",True,True,34.5,28.5,64.5,28.5
GC1:data6,GC1,6,False,data/Glaze_Triangles/data_2AFC/raw_data/data_GC1.mat,data6,f,2000,2000,2000,unsignaled,0,12.24744871391589,150.0,5,"(400, 400, 400, 400, 400)","[[0.7, 0.3, 0.9, 0.1, 0.5], [0.7, 0.3, 0.9, 0.1, 0.5]]","[[0.7, 0.3, 0.9, 0.1, 0.5], [0.7, 0.3, 0.9, 0.1, 0.5]]",[],False,False,True,2.0,20.0,735440.4008290508,7,"{'sigma': 12.24744871391589, 'signaled': 0, 'Hset': array([[0.7, 0.3, 0.9, 0.1, 0.5],
       [0.7, 0.3, 0.9, 0.1, 0.5]])}",True,True,34.5,28.5,64.5,28.5
GT1:data1_practice,GT1,1,True,data/Glaze_Triangles/data_2AFC/raw_data/data_GT1.mat,data1_practice,m,120,120,120,signaled,1,10.0,100.0,2,"(60, 60)","[[0.7, 0.05], [0.7, 0.05]]","[[0.7, 0.05], [0.7, 0.05]]",[],False,False,True,1.0,20.0,735424.6530854644,6,"{'sigma': 10, 'signaled': 1, 'Hset': array([[0.7 , 0.05],
       [0.7 , 0.05]]), 'reward': 1, 'penalty': 20}",True,True,34.5,28.5,64.5,28.5
GT1:data1,GT1,1,False,data/Glaze_Triangles/data_2AFC/raw_data/data_GT1.mat,data1,m,2000,2000,2000,signaled,1,10.0,100.0,2,"(1000, 1000)","[[0.7, 0.05], [0.7, 0.05]]","[[0.7, 0.05], [0.7, 0.05]]",[],False,False,True,1.0,20.0,735424.6563135976,6,"{'sigma': 10, 'signaled': 1, 'Hset': array([[0.7 , 0.05],
       [0.7 , 0.05]]), 'reward': 1, 'penalty': 20}",True,True,34.5,28.5,64.5,28.5
GT1:data2_practice,GT1,2,True,data/Glaze_Triangles/data_2AFC/raw_data/data_GT1.mat,data2_practice,m,120,120,120,unsignaled,0,10.0,100.0,2,"(60, 60)","[[0.95, 0.05], [0.95, 0.05]]","[[0.95, 0.05], [0.95, 0.05]]",[],False,False,True,1.0,20.0,735430.655288963,6,"{'sigma': 10, 'signaled': 0, 'Hset': array([[0.95, 0.05],
       [0.95, 0.05]]), 'reward': 1, 'penalty': 20}",True,True,34.5,28.5,64.5,28.5
GT1:data2,GT1,2,False,data/Glaze_Triangles/data_2AFC/raw_data/data_GT1.mat,data2,m,2000,2000,2000,unsignaled,0,10.0,100.0,2,"(1000, 1000)","[[0.95, 0.05], [0.95, 0.05]]","[[0.95, 0.05], [0.95, 0.05]]",[],False,False,True,1.0,20.0,735430.657172793,6,"{'sigma': 10, 'signaled': 0, 'Hset': array([[0.95, 0.05],
       [0.95, 0.05]]), 'reward': 1, 'penalty': 20}",True,True,34.5,28.5,64.5,28.5
GT1:data3_practice,GT1,3,True,data/Glaze_Triangles/data_2AFC/raw_data/data_GT1.mat,data3_practice,m,120,120,120,signaled,1,7.0710678118654755,50.00000000000001,2,"(60, 60)","[[0.1, 0.95], [0.1, 0.95]]","[[0.1, 0.95], [0.1, 0.95]]",[],False,False,True,1.0,20.0,735431.6602393772,6,"{'sigma': 7.0710678118654755, 'signaled': 1, 'Hset': array([[0.1 , 0.95],
       [0.1 , 0.95]]), 'reward': 1, 'penalty': 20}",True,True,34.5,28.5,64.5,28.5
GT1:data3,GT1,3,False,data/Glaze_Triangles/data_2AFC/raw_data/data_GT1.mat,data3,m,2000,2000,2000,signaled,1,7.0710678118654755,50.00000000000001,2,"(1000, 1000)","[[0.1, 0.95], [0.1, 0.95]]","[[0.1, 0.95], [0.1, 0.95]]",[],False,False,True,1.0,20.0,735431.6631516229,6,"{'sigma': 7.0710678118654755, 'signaled': 1, 'Hset': array([[0.1 , 0.95],
       [0.1 , 0.95]]), 'reward': 1, 'penalty': 20}",True,True,34.5,28.5,64.5,28.5
GT1:data4_practice,GT1,4,True,data/Glaze_Triangles/data_2AFC/raw_data/data_GT1.mat,data4_practice,m,120,120,120,unsignaled,0,7.0710678118654755,50.00000000000001,2,"(60, 60)","[[0.95, 0.05], [0.95, 0.05]]","[[0.95, 0.05], [0.95, 0.05]]",[],False,False,True,1.0,20.0,735432.6537096066,6,"{'sigma': 7.0710678118654755, 'signaled': 0, 'Hset': array([[0.95, 0.05],
       [0.95, 0.05]]), 'reward': 1, 'penalty': 20}",True,True,34.5,28.5,64.5,28.5
GT1:data4,GT1,4,False,data/Glaze_Triangles/data_2AFC/raw_data/data_GT1.mat,data4,m,2000,2000,2000,unsignaled,0,7.0710678118654755,50.00000000000001,2,"(1000, 1000)","[[0.95, 0.05], [0.95, 0.05]]","[[0.95, 0.05], [0.95, 0.05]]",[],False,False,True,1.0,20.0,735432.6555650785,6,"{'sigma': 7.0710678118654755, 'signaled': 0, 'Hset': array([[0.95, 0.05],
       [0.95, 0.05]]), 'reward': 1, 'penalty': 20}",True,True,34.5,28.5,64.5,28.5
GT1:data5_practice,GT1,5,True,data/Glaze_Triangles/data_2AFC/raw_data/data_GT1.mat,data5_practice,m,120,120,120,mixed,2,10.0,100.0,2,"(60, 60)","[[0.3, 0.95], [0.3, 0.95]]","[[0.3, 0.95], [0.3, 0.95]]",[],False,False,True,1.0,20.0,735433.657497955,6,"{'sigma': 10, 'signaled': 2, 'Hset': array([[0.3 , 0.95],
       [0.3 , 0.95]]), 'reward': 1, 'penalty': 20}",True,True,34.5,28.5,64.5,28.5
GT1:data5,GT1,5,False,data/Glaze_Triangles/data_2AFC/raw_data/data_GT1.mat,data5,m,2000,2000,2000,mixed,2,10.0,100.0,2,"(1000, 1000)","[[0.3, 0.95], [0.3, 0.95]]","[[0.3, 0.95], [0.3, 0.95]]",[],False,False,True,1.0,20.0,735433.6597480911,6,"{'sigma': 10, 'signaled': 2, 'Hset': array([[0.3 , 0.95],
       [0.3 , 0.95]]), 'reward': 1, 'penalty': 20}",True,True,34.5,28.5,64.5,28.5
JB:data1,JB,1,False,data/Glaze_Triangles/data_2AFC/raw_data/data_JB.mat,data1,f,2000,2000,2000,unsignaled,0,10.0,100.0,2,"(1000, 1000)","[[0.05, 0.3], [0.05, 0.3]]","[[0.05, 0.3], [0.05, 0.3]]","[[20.0, 3.3333333333333335], [20.0, 3.3333333333333335]]",False,False,True,,,,2,"{'tau': array([[20.        ,  3.33333333],
       [20.        ,  3.33333333]]), 'signaled': 0, 'sigma': 10, 'Hset': array([[0.05, 0.3 ],
       [0.05, 0.3 ]])}",True,True,34.5,27.0,64.5,27.0
JS:data1,JS,1,False,data/Glaze_Triangles/data_2AFC/raw_data/data_JS.mat,data1,m,2000,2000,2000,signaled,1,10.0,100.0,5,"(400, 400, 400, 400, 400)","[[0.5, 0.3, 0.8999999999999999, 0.1, 0.7], [0.5, 0.3, 0.8999999999999999, 0.1, 0.7]]","[[0.5, 0.3, 0.8999999999999999, 0.1, 0.7], [0.5, 0.3, 0.8999999999999999, 0.1, 0.7]]","[[2.0, 3.3333333333333335, 1.1111111111111112, 10.0, 1.4285714285714286], [2.0, 3.3333333333333335, 1.1111111111111112, 10.0, 1.4285714285714286]]",False,False,True,,,,5,"{'tau': array([[ 2.        ,  3.33333333,  1.11111111, 10.        ,  1.42857143],
       [ 2.        ,  3.33333333,  1.11111111, 10.        ,  1.42857143]]), 'signaled': 1, 'sigma': 10, 'Hset': array([[0.5, 0.3, 0.9, 0.1, 0.7],
       [0.5, 0.3, 0.9, 0.1, 0.7]])}",True,True,34.5,27.5,64.5,27.5
JS:data2,JS,2,False,data/Glaze_Triangles/data_2AFC/raw_data/data_JS.mat,data2,m,2000,2000,2000,signaled,1,12.24744871391589,150.0,2,"(1000, 1000)","[[0.05, 0.9500000000000001], [0.05, 0.9500000000000001]]","[[0.05, 0.9500000000000001], [0.05, 0.9500000000000001]]","[[20.0, 1.0526315789473684], [20.0, 1.0526315789473684]]",False,False,True,,,,5,"{'tau': array([[20.        ,  1.05263158],
       [20.        ,  1.05263158]]), 'signaled': 1, 'sigma': 12.24744871391589, 'Hset': array([[0.05, 0.95],
       [0.05, 0.95]])}",True,True,34.5,27.0,64.5,27.0
JS:data3,JS,3,False,data/Glaze_Triangles/data_2AFC/raw_data/data_JS.mat,data3,m,2000,2000,2000,signaled,1,12.24744871391589,150.0,5,"(400, 400, 400, 400, 400)","[[0.7, 0.1, 0.3, 0.5, 0.8999999999999999], [0.7, 0.1, 0.3, 0.5, 0.8999999999999999]]","[[0.7, 0.1, 0.3, 0.5, 0.8999999999999999], [0.7, 0.1, 0.3, 0.5, 0.8999999999999999]]","[[1.4285714285714286, 10.0, 3.3333333333333335, 2.0, 1.1111111111111112], [1.4285714285714286, 10.0, 3.3333333333333335, 2.0, 1.1111111111111112]]",False,False,True,,,,5,"{'tau': array([[ 1.42857143, 10.        ,  3.33333333,  2.        ,  1.11111111],
       [ 1.42857143, 10.        ,  3.33333333,  2.        ,  1.11111111]]), 'signaled': 1, 'sigma': 12.24744871391589, 'Hset': array([[0.7, 0.1, 0.3, 0.5, 0.9],
       [0.7, 0.1, 0.3, 0.5, 0.9]])}",True,True,34.5,27.5,64.5,27.5
JS:data4,JS,4,False,data/Glaze_Triangles/data_2AFC/raw_data/data_JS.mat,data4,m,2000,2000,2000,mixed,2,12.24744871391589,150.0,2,"(1000, 1000)","[[0.9500000000000001, 0.05], [0.9500000000000001, 0.05]]","[[0.9500000000000001, 0.05], [0.9500000000000001, 0.05]]","[[1.0526315789473684, 20.0], [1.0526315789473684, 20.0]]",False,False,True,,,,5,"{'tau': array([[ 1.05263158, 20.        ],
       [ 1.05263158, 20.        ]]), 'signaled': 2, 'sigma': 12.24744871391589, 'Hset': array([[0.95, 0.05],
       [0.95, 0.05]])}",True,True,34.5,27.0,64.5,27.0
JS1:data1_practice,JS1,1,True,data/Glaze_Triangles/data_2AFC/raw_data/data_JS1.mat,data1_practice,f,120,120,120,mixed,2,10.0,100.0,2,"(60, 60)","[[0.9, 0.05], [0.9, 0.05]]","[[0.9, 0.05], [0.9, 0.05]]",[],False,False,True,,,735420.399873925,7,"{'sigma': 10, 'signaled': 2, 'Hset': array([[0.9 , 0.05],
       [0.9 , 0.05]])}",True,True,34.5,28.5,64.5,28.5
JS1:data1,JS1,1,False,data/Glaze_Triangles/data_2AFC/raw_data/data_JS1.mat,data1,f,2000,2000,2000,mixed,2,10.0,100.0,2,"(1000, 1000)","[[0.9, 0.05], [0.9, 0.05]]","[[0.9, 0.05], [0.9, 0.05]]",[],False,False,True,,,735420.4024825185,7,"{'sigma': 10, 'signaled': 2, 'Hset': array([[0.9 , 0.05],
       [0.9 , 0.05]])}",True,True,34.5,28.5,64.5,28.5
JS1:data2_practice,JS1,2,True,data/Glaze_Triangles/data_2AFC/raw_data/data_JS1.mat,data2_practice,f,120,120,120,unsignaled,0,10.0,100.0,5,"(24, 24, 24, 24, 24)","[[0.5, 0.7, 0.9, 0.3, 0.1], [0.5, 0.7, 0.9, 0.3, 0.1]]","[[0.5, 0.7, 0.9, 0.3, 0.1], [0.5, 0.7, 0.9, 0.3, 0.1]]",[],False,False,True,,,735423.3973665468,7,"{'sigma': 10, 'signaled': 0, 'Hset': array([[0.5, 0.7, 0.9, 0.3, 0.1],
       [0.5, 0.7, 0.9, 0.3, 0.1]])}",True,True,34.5,28.5,64.5,28.5
JS1:data2,JS1,2,False,data/Glaze_Triangles/data_2AFC/raw_data/data_JS1.mat,data2,f,2000,2000,2000,unsignaled,0,10.0,100.0,5,"(400, 400, 400, 400, 400)","[[0.5, 0.7, 0.9, 0.3, 0.1], [0.5, 0.7, 0.9, 0.3, 0.1]]","[[0.5, 0.7, 0.9, 0.3, 0.1], [0.5, 0.7, 0.9, 0.3, 0.1]]",[],False,False,True,,,735423.3992139429,7,"{'sigma': 10, 'signaled': 0, 'Hset': array([[0.5, 0.7, 0.9, 0.3, 0.1],
       [0.5, 0.7, 0.9, 0.3, 0.1]])}",True,True,34.5,28.5,64.5,28.5
JS1:data3_practice,JS1,3,True,data/Glaze_Triangles/data_2AFC/raw_data/data_JS1.mat,data3_practice,f,120,120,120,signaled,1,12.24744871391589,150.0,2,"(60, 60)","[[0.1, 0.9], [0.1, 0.9]]","[[0.1, 0.9], [0.1, 0.9]]",[],False,False,True,2.0,20.0,735425.4002629642,7,"{'sigma': 12.24744871391589, 'signaled': 1, 'Hset': array([[0.1, 0.9],
       [0.1, 0.9]])}",True,True,34.5,28.5,64.5,28.5
JS1:data3,JS1,3,False,data/Glaze_Triangles/data_2AFC/raw_data/data_JS1.mat,data3,f,2000,2000,2000,signaled,1,12.24744871391589,150.0,2,"(1000, 1000)","[[0.1, 0.9], [0.1, 0.9]]","[[0.1, 0.9], [0.1, 0.9]]",[],False,False,True,2.0,20.0,735425.4032657117,7,"{'sigma': 12.24744871391589, 'signaled': 1, 'Hset': array([[0.1, 0.9],
       [0.1, 0.9]])}",True,True,34.5,28.5,64.5,28.5
JS1:data4_practice,JS1,4,True,data/Glaze_Triangles/data_2AFC/raw_data/data_JS1.mat,data4_practice,f,120,120,120,unsignaled,0,12.24744871391589,150.0,5,"(24, 24, 24, 24, 24)","[[0.3, 0.7, 0.1, 0.5, 0.9], [0.3, 0.7, 0.1, 0.5, 0.9]]","[[0.3, 0.7, 0.1, 0.5, 0.9], [0.3, 0.7, 0.1, 0.5, 0.9]]",[],False,False,True,2.0,20.0,735427.5626814135,7,"{'sigma': 12.24744871391589, 'signaled': 0, 'Hset': array([[0.3, 0.7, 0.1, 0.5, 0.9],
       [0.3, 0.7, 0.1, 0.5, 0.9]])}",True,True,34.5,28.5,64.5,28.5
JS1:data4,JS1,4,False,data/Glaze_Triangles/data_2AFC/raw_data/data_JS1.mat,data4,f,2000,2000,2000,unsignaled,0,12.24744871391589,150.0,5,"(400, 400, 400, 400, 400)","[[0.3, 0.7, 0.1, 0.5, 0.9], [0.3, 0.7, 0.1, 0.5, 0.9]]","[[0.3, 0.7, 0.1, 0.5, 0.9], [0.3, 0.7, 0.1, 0.5, 0.9]]",[],False,False,True,2.0,20.0,735427.564277381,7,"{'sigma': 12.24744871391589, 'signaled': 0, 'Hset': array([[0.3, 0.7, 0.1, 0.5, 0.9],
       [0.3, 0.7, 0.1, 0.5, 0.9]])}",True,True,34.5,28.5,64.5,28.5
JS1:data5_practice,JS1,5,True,data/Glaze_Triangles/data_2AFC/raw_data/data_JS1.mat,data5_practice,f,120,120,120,signaled,1,10.0,100.0,2,"(60, 60)","[[0.05, 0.95], [0.05, 0.95]]","[[0.05, 0.95], [0.05, 0.95]]",[],False,False,True,2.0,20.0,735434.395980235,7,"{'sigma': 10, 'signaled': 1, 'Hset': array([[0.05, 0.95],
       [0.05, 0.95]])}",True,True,34.5,28.5,64.5,28.5
JS1:data5,JS1,5,False,data/Glaze_Triangles/data_2AFC/raw_data/data_JS1.mat,data5,f,2000,2000,2000,signaled,1,10.0,100.0,2,"(1000, 1000)","[[0.05, 0.95], [0.05, 0.95]]","[[0.05, 0.95], [0.05, 0.95]]",[],False,False,True,2.0,20.0,735434.3983272149,7,"{'sigma': 10, 'signaled': 1, 'Hset': array([[0.05, 0.95],
       [0.05, 0.95]])}",True,True,34.5,28.5,64.5,28.5
JS1:data6_practice,JS1,6,True,data/Glaze_Triangles/data_2AFC/raw_data/data_JS1.mat,data6_practice,f,120,120,120,unsignaled,0,12.24744871391589,150.0,2,"(60, 60)","[[0.3, 0.9], [0.3, 0.9]]","[[0.3, 0.9], [0.3, 0.9]]",[],False,False,True,2.0,20.0,735439.3894203574,7,"{'sigma': 12.24744871391589, 'signaled': 0, 'Hset': array([[0.3, 0.9],
       [0.3, 0.9]])}",True,True,34.5,28.5,64.5,28.5
JS1:data6,JS1,6,False,data/Glaze_Triangles/data_2AFC/raw_data/data_JS1.mat,data6,f,2000,2000,2000,unsignaled,0,12.24744871391589,150.0,2,"(1000, 1000)","[[0.3, 0.9], [0.3, 0.9]]","[[0.3, 0.9], [0.3, 0.9]]",[],False,False,True,2.0,20.0,735439.3912424974,7,"{'sigma': 12.24744871391589, 'signaled': 0, 'Hset': array([[0.3, 0.9],
       [0.3, 0.9]])}",True,True,34.5,28.5,64.5,28.5
KA:data1,KA,1,False,data/Glaze_Triangles/data_2AFC/raw_data/data_KA.mat,data1,f,2000,2000,2000,signaled,1,10.0,100.0,5,"(400, 400, 400, 400, 400)","[[0.5, 0.7, 0.3, 0.1, 0.8999999999999999], [0.5, 0.7, 0.3, 0.1, 0.8999999999999999]]","[[0.5, 0.7, 0.3, 0.1, 0.8999999999999999], [0.5, 0.7, 0.3, 0.1, 0.8999999999999999]]","[[2.0, 1.4285714285714286, 3.3333333333333335, 10.0, 1.1111111111111112], [2.0, 1.4285714285714286, 3.3333333333333335, 10.0, 1.1111111111111112]]",False,False,True,,,,5,"{'tau': array([[ 2.        ,  1.42857143,  3.33333333, 10.        ,  1.11111111],
       [ 2.        ,  1.42857143,  3.33333333, 10.        ,  1.11111111]]), 'signaled': 1, 'sigma': 10, 'Hset': array([[0.5, 0.7, 0.3, 0.1, 0.9],
       [0.5, 0.7, 0.3, 0.1, 0.9]])}",True,True,34.5,27.0,64.5,27.0
KA:data2,KA,2,False,data/Glaze_Triangles/data_2AFC/raw_data/data_KA.mat,data2,f,2000,2000,2000,signaled,1,12.24744871391589,150.0,5,"(400, 400, 400, 400, 400)","[[0.3, 0.5, 0.8999999999999999, 0.7, 0.1], [0.3, 0.5, 0.8999999999999999, 0.7, 0.1]]","[[0.3, 0.5, 0.8999999999999999, 0.7, 0.1], [0.3, 0.5, 0.8999999999999999, 0.7, 0.1]]","[[3.3333333333333335, 2.0, 1.1111111111111112, 1.4285714285714286, 10.0], [3.3333333333333335, 2.0, 1.1111111111111112, 1.4285714285714286, 10.0]]",False,False,True,,,,5,"{'tau': array([[ 3.33333333,  2.        ,  1.11111111,  1.42857143, 10.        ],
       [ 3.33333333,  2.        ,  1.11111111,  1.42857143, 10.        ]]), 'signaled': 1, 'sigma': 12.24744871391589, 'Hset': array([[0.3, 0.5, 0.9, 0.7, 0.1],
       [0.3, 0.5, 0.9, 0.7, 0.1]])}",True,True,34.5,27.5,64.5,27.5
KA:data3,KA,3,False,data/Glaze_Triangles/data_2AFC/raw_data/data_KA.mat,data3,f,2000,2000,2000,unsignaled,0,12.24744871391589,150.0,5,"(400, 400, 400, 400, 400)","[[0.7, 0.1, 0.3, 0.5, 0.8999999999999999], [0.7, 0.1, 0.3, 0.5, 0.8999999999999999]]","[[0.7, 0.1, 0.3, 0.5, 0.8999999999999999], [0.7, 0.1, 0.3, 0.5, 0.8999999999999999]]","[[1.4285714285714286, 10.0, 3.3333333333333335, 2.0, 1.1111111111111112], [1.4285714285714286, 10.0, 3.3333333333333335, 2.0, 1.1111111111111112]]",False,False,True,,,,5,"{'tau': array([[ 1.42857143, 10.        ,  3.33333333,  2.        ,  1.11111111],
       [ 1.42857143, 10.        ,  3.33333333,  2.        ,  1.11111111]]), 'signaled': 0, 'sigma': 12.24744871391589, 'Hset': array([[0.7, 0.1, 0.3, 0.5, 0.9],
       [0.7, 0.1, 0.3, 0.5, 0.9]])}",True,True,34.5,27.0,64.5,27.0
KA:data4,KA,4,False,data/Glaze_Triangles/data_2AFC/raw_data/data_KA.mat,data4,f,2000,2000,2000,unsignaled,0,10.0,100.0,5,"(400, 400, 400, 400, 400)","[[0.5, 0.3, 0.7, 0.1, 0.8999999999999999], [0.5, 0.3, 0.7, 0.1, 0.8999999999999999]]","[[0.5, 0.3, 0.7, 0.1, 0.8999999999999999], [0.5, 0.3, 0.7, 0.1, 0.8999999999999999]]","[[2.0, 3.3333333333333335, 1.4285714285714286, 10.0, 1.1111111111111112], [2.0, 3.3333333333333335, 1.4285714285714286, 10.0, 1.1111111111111112]]",False,False,True,,,,5,"{'tau': array([[ 2.        ,  3.33333333,  1.42857143, 10.        ,  1.11111111],
       [ 2.        ,  3.33333333,  1.42857143, 10.        ,  1.11111111]]), 'signaled': 0, 'sigma': 10, 'Hset': array([[0.5, 0.3, 0.7, 0.1, 0.9],
       [0.5, 0.3, 0.7, 0.1, 0.9]])}",True,True,34.5,27.0,64.5,27.0
KA2:data1,KA2,1,False,data/Glaze_Triangles/data_2AFC/raw_data/data_KA2.mat,data1,f,2000,2000,2000,signaled,1,10.0,100.0,5,"(400, 400, 400, 400, 400)","[[0.1, 0.5, 0.3, 0.8999999999999999, 0.7], [0.1, 0.5, 0.3, 0.8999999999999999, 0.7]]","[[0.1, 0.5, 0.3, 0.8999999999999999, 0.7], [0.1, 0.5, 0.3, 0.8999999999999999, 0.7]]","[[10.0, 2.0, 3.3333333333333335, 1.1111111111111112, 1.4285714285714286], [10.0, 2.0, 3.3333333333333335, 1.1111111111111112, 1.4285714285714286]]",False,False,True,,,,5,"{'tau': array([[10.        ,  2.        ,  3.33333333,  1.11111111,  1.42857143],
       [10.        ,  2.        ,  3.33333333,  1.11111111,  1.42857143]]), 'signaled': 1, 'sigma': 10, 'Hset': array([[0.1, 0.5, 0.3, 0.9, 0.7],
       [0.1, 0.5, 0.3, 0.9, 0.7]])}",True,True,34.5,27.0,64.5,27.0
KA2:data2,KA2,2,False,data/Glaze_Triangles/data_2AFC/raw_data/data_KA2.mat,data2,f,2000,2000,2000,signaled,1,12.24744871391589,150.0,5,"(400, 400, 400, 400, 400)","[[0.7, 0.1, 0.3, 0.5, 0.8999999999999999], [0.7, 0.1, 0.3, 0.5, 0.8999999999999999]]","[[0.7, 0.1, 0.3, 0.5, 0.8999999999999999], [0.7, 0.1, 0.3, 0.5, 0.8999999999999999]]","[[1.4285714285714286, 10.0, 3.3333333333333335, 2.0, 1.1111111111111112], [1.4285714285714286, 10.0, 3.3333333333333335, 2.0, 1.1111111111111112]]",False,False,True,,,,5,"{'tau': array([[ 1.42857143, 10.        ,  3.33333333,  2.        ,  1.11111111],
       [ 1.42857143, 10.        ,  3.33333333,  2.        ,  1.11111111]]), 'signaled': 1, 'sigma': 12.24744871391589, 'Hset': array([[0.7, 0.1, 0.3, 0.5, 0.9],
       [0.7, 0.1, 0.3, 0.5, 0.9]])}",True,True,34.5,27.0,64.5,27.0
KA2:data3,KA2,3,False,data/Glaze_Triangles/data_2AFC/raw_data/data_KA2.mat,data3,f,2000,2000,2000,unsignaled,0,12.24744871391589,150.0,2,"(1000, 1000)","[[0.8999999999999999, 0.1], [0.8999999999999999, 0.1]]","[[0.8999999999999999, 0.1], [0.8999999999999999, 0.1]]","[[1.1111111111111112, 10.0], [1.1111111111111112, 10.0]]",False,False,True,,,,5,"{'tau': array([[ 1.11111111, 10.        ],
       [ 1.11111111, 10.        ]]), 'signaled': 0, 'sigma': 12.24744871391589, 'Hset': array([[0.9, 0.1],
       [0.9, 0.1]])}",True,True,34.5,27.0,64.5,27.0
KA2:data4,KA2,4,False,data/Glaze_Triangles/data_2AFC/raw_data/data_KA2.mat,data4,f,2000,2000,2000,mixed,2,12.24744871391589,150.0,2,"(1000, 1000)","[[0.1, 0.7], [0.1, 0.7]]","[[0.1, 0.7], [0.1, 0.7]]","[[10.0, 1.4285714285714286], [10.0, 1.4285714285714286]]",False,False,True,,,,5,"{'tau': array([[10.        ,  1.42857143],
       [10.        ,  1.42857143]]), 'signaled': 2, 'sigma': 12.24744871391589, 'Hset': array([[0.1, 0.7],
       [0.1, 0.7]])}",True,True,34.5,27.0,64.5,27.0
KA3:data1_practice,KA3,1,True,data/Glaze_Triangles/data_2AFC/raw_data/data_KA3.mat,data1_practice,f,120,120,120,unsignaled,0,7.0710678118654755,50.00000000000001,2,"(60, 60)","[[0.5, 0.7], [0.5, 0.7]]","[[0.5, 0.7], [0.5, 0.7]]",[],False,False,True,1.0,20.0,735451.6605741469,5,"{'sigma': 7.0710678118654755, 'signaled': 0, 'Hset': array([[0.5, 0.7],
       [0.5, 0.7]]), 'reward': 1, 'penalty': 20}",True,True,34.5,28.5,64.5,28.5
KA3:data1,KA3,1,False,data/Glaze_Triangles/data_2AFC/raw_data/data_KA3.mat,data1,f,2000,2000,2000,unsignaled,0,7.0710678118654755,50.00000000000001,2,"(1000, 1000)","[[0.5, 0.7], [0.5, 0.7]]","[[0.5, 0.7], [0.5, 0.7]]",[],False,False,True,1.0,20.0,735451.6629827458,5,"{'sigma': 7.0710678118654755, 'signaled': 0, 'Hset': array([[0.5, 0.7],
       [0.5, 0.7]]), 'reward': 1, 'penalty': 20}",True,True,34.5,28.5,64.5,28.5
KA3:data2_practice,KA3,2,True,data/Glaze_Triangles/data_2AFC/raw_data/data_KA3.mat,data2_practice,f,120,120,120,signaled,1,7.0710678118654755,50.00000000000001,2,"(60, 60)","[[0.9, 0.3], [0.9, 0.3]]","[[0.9, 0.3], [0.9, 0.3]]",[],False,False,True,1.0,20.0,735452.465178204,5,"{'sigma': 7.0710678118654755, 'signaled': 1, 'Hset': array([[0.9, 0.3],
       [0.9, 0.3]]), 'reward': 1, 'penalty': 20}",True,True,34.5,28.5,64.5,28.5
KA3:data2,KA3,2,False,data/Glaze_Triangles/data_2AFC/raw_data/data_KA3.mat,data2,f,2000,2000,2000,signaled,1,7.0710678118654755,50.00000000000001,2,"(1000, 1000)","[[0.9, 0.3], [0.9, 0.3]]","[[0.9, 0.3], [0.9, 0.3]]",[],False,False,True,1.0,20.0,735452.4678649287,5,"{'sigma': 7.0710678118654755, 'signaled': 1, 'Hset': array([[0.9, 0.3],
       [0.9, 0.3]]), 'reward': 1, 'penalty': 20}",True,True,34.5,28.5,64.5,28.5
KA3:data3_practice,KA3,3,True,data/Glaze_Triangles/data_2AFC/raw_data/data_KA3.mat,data3_practice,f,120,120,120,mixed,2,7.0710678118654755,50.00000000000001,2,"(60, 60)","[[0.05, 0.95], [0.05, 0.95]]","[[0.05, 0.95], [0.05, 0.95]]",[],False,False,True,1.0,20.0,735454.5872991615,5,"{'sigma': 7.0710678118654755, 'signaled': 2, 'Hset': array([[0.05, 0.95],
       [0.05, 0.95]]), 'reward': 1, 'penalty': 20}",True,True,34.5,28.5,64.5,28.5
KA3:data3,KA3,3,False,data/Glaze_Triangles/data_2AFC/raw_data/data_KA3.mat,data3,f,2000,2000,2000,mixed,2,7.0710678118654755,50.00000000000001,2,"(1000, 1000)","[[0.05, 0.95], [0.05, 0.95]]","[[0.05, 0.95], [0.05, 0.95]]",[],False,False,True,1.0,20.0,735454.5896875807,5,"{'sigma': 7.0710678118654755, 'signaled': 2, 'Hset': array([[0.05, 0.95],
       [0.05, 0.95]]), 'reward': 1, 'penalty': 20}",True,True,34.5,28.5,64.5,28.5
KA3:data4_practice,KA3,4,True,data/Glaze_Triangles/data_2AFC/raw_data/data_KA3.mat,data4_practice,f,120,120,120,unsignaled,0,10.0,100.0,2,"(60, 60)","[[0.9, 0.05], [0.9, 0.05]]","[[0.9, 0.05], [0.9, 0.05]]",[],False,False,True,1.0,20.0,735455.459125234,5,"{'sigma': 10, 'signaled': 0, 'Hset': array([[0.9 , 0.05],
       [0.9 , 0.05]]), 'reward': 1, 'penalty': 20}",True,True,34.5,28.5,64.5,28.5
KA3:data4,KA3,4,False,data/Glaze_Triangles/data_2AFC/raw_data/data_KA3.mat,data4,f,2000,2000,2000,unsignaled,0,10.0,100.0,2,"(1000, 1000)","[[0.9, 0.05], [0.9, 0.05]]","[[0.9, 0.05], [0.9, 0.05]]",[],False,False,True,1.0,20.0,735455.4609889105,5,"{'sigma': 10, 'signaled': 0, 'Hset': array([[0.9 , 0.05],
       [0.9 , 0.05]]), 'reward': 1, 'penalty': 20}",True,True,34.5,28.5,64.5,28.5
KG1:data1_practice,KG1,1,True,data/Glaze_Triangles/data_2AFC/raw_data/data_KG1.mat,data1_practice,m,120,120,120,mixed,2,7.0710678118654755,50.00000000000001,2,"(60, 60)","[[0.7, 0.3], [0.7, 0.3]]","[[0.7, 0.3], [0.7, 0.3]]",[],False,False,True,1.0,20.0,735446.5271017256,6,"{'sigma': 7.0710678118654755, 'signaled': 2, 'Hset': array([[0.7, 0.3],
       [0.7, 0.3]]), 'reward': 1, 'penalty': 20}",True,True,34.5,28.5,64.5,28.5
KG1:data1,KG1,1,False,data/Glaze_Triangles/data_2AFC/raw_data/data_KG1.mat,data1,m,2000,2000,2000,mixed,2,7.0710678118654755,50.00000000000001,2,"(1000, 1000)","[[0.7, 0.3], [0.7, 0.3]]","[[0.7, 0.3], [0.7, 0.3]]",[],False,False,True,1.0,20.0,735446.529699518,6,"{'sigma': 7.0710678118654755, 'signaled': 2, 'Hset': array([[0.7, 0.3],
       [0.7, 0.3]]), 'reward': 1, 'penalty': 20}",True,True,34.5,28.5,64.5,28.5
KG1:data2_practice,KG1,2,True,data/Glaze_Triangles/data_2AFC/raw_data/data_KG1.mat,data2_practice,m,120,120,120,signaled,1,7.0710678118654755,50.00000000000001,5,"(24, 24, 24, 24, 24)","[[0.1, 0.3, 0.7, 0.9, 0.5], [0.1, 0.3, 0.7, 0.9, 0.5]]","[[0.1, 0.3, 0.7, 0.9, 0.5], [0.1, 0.3, 0.7, 0.9, 0.5]]",[],False,False,True,1.0,20.0,735448.5842129794,6,"{'sigma': 7.0710678118654755, 'signaled': 1, 'Hset': array([[0.1, 0.3, 0.7, 0.9, 0.5],
       [0.1, 0.3, 0.7, 0.9, 0.5]]), 'reward': 1, 'penalty': 20}",True,True,34.5,28.5,64.5,28.5
KG1:data2,KG1,2,False,data/Glaze_Triangles/data_2AFC/raw_data/data_KG1.mat,data2,m,2000,2000,2000,signaled,1,7.0710678118654755,50.00000000000001,5,"(400, 400, 400, 400, 400)","[[0.1, 0.3, 0.7, 0.9, 0.5], [0.1, 0.3, 0.7, 0.9, 0.5]]","[[0.1, 0.3, 0.7, 0.9, 0.5], [0.1, 0.3, 0.7, 0.9, 0.5]]",[],False,False,True,1.0,20.0,735448.5862280905,6,"{'sigma': 7.0710678118654755, 'signaled': 1, 'Hset': array([[0.1, 0.3, 0.7, 0.9, 0.5],
       [0.1, 0.3, 0.7, 0.9, 0.5]]), 'reward': 1, 'penalty': 20}",True,True,34.5,28.5,64.5,28.5
KG1:data3_practice,KG1,3,True,data/Glaze_Triangles/data_2AFC/raw_data/data_KG1.mat,data3_practice,m,120,120,120,unsignaled,0,7.0710678118654755,50.00000000000001,2,"(60, 60)","[[0.05, 0.1], [0.05, 0.1]]","[[0.05, 0.1], [0.05, 0.1]]",[],False,False,True,1.0,20.0,735451.5256771002,6,"{'sigma': 7.0710678118654755, 'signaled': 0, 'Hset': array([[0.05, 0.1 ],
       [0.05, 0.1 ]]), 'reward': 1, 'penalty': 20}",True,True,34.5,28.5,64.5,28.5
KG1:data3,KG1,3,False,data/Glaze_Triangles/data_2AFC/raw_data/data_KG1.mat,data3,m,2000,2000,2000,unsignaled,0,7.0710678118654755,50.00000000000001,2,"(1000, 1000)","[[0.05, 0.1], [0.05, 0.1]]","[[0.05, 0.1], [0.05, 0.1]]",[],False,False,True,1.0,20.0,735451.5279166884,6,"{'sigma': 7.0710678118654755, 'signaled': 0, 'Hset': array([[0.05, 0.1 ],
       [0.05, 0.1 ]]), 'reward': 1, 'penalty': 20}",True,True,34.5,28.5,64.5,28.5
KG1:data4_practice,KG1,4,True,data/Glaze_Triangles/data_2AFC/raw_data/data_KG1.mat,data4_practice,m,120,120,120,mixed,2,10.0,100.0,2,"(60, 60)","[[0.1, 0.3], [0.1, 0.3]]","[[0.1, 0.3], [0.1, 0.3]]",[],False,False,True,1.0,20.0,735452.5071997788,6,"{'sigma': 10, 'signaled': 2, 'Hset': array([[0.1, 0.3],
       [0.1, 0.3]]), 'reward': 1, 'penalty': 20}",True,True,34.5,28.5,64.5,28.5
KG1:data4,KG1,4,False,data/Glaze_Triangles/data_2AFC/raw_data/data_KG1.mat,data4,m,2000,2000,2000,mixed,2,10.0,100.0,2,"(1000, 1000)","[[0.1, 0.3], [0.1, 0.3]]","[[0.1, 0.3], [0.1, 0.3]]",[],False,False,True,1.0,20.0,735452.5124566928,6,"{'sigma': 10, 'signaled': 2, 'Hset': array([[0.1, 0.3],
       [0.1, 0.3]]), 'reward': 1, 'penalty': 20}",True,True,34.5,28.5,64.5,28.5
KG1:data5_practice,KG1,5,True,data/Glaze_Triangles/data_2AFC/raw_data/data_KG1.mat,data5_practice,m,120,120,120,signaled,1,10.0,100.0,2,"(60, 60)","[[0.5, 0.1], [0.5, 0.1]]","[[0.5, 0.1], [0.5, 0.1]]",[],False,False,True,1.0,20.0,735453.5910813583,6,"{'sigma': 10, 'signaled': 1, 'Hset': array([[0.5, 0.1],
       [0.5, 0.1]]), 'reward': 1, 'penalty': 20}",True,True,34.5,28.5,64.5,28.5
KG1:data5,KG1,5,False,data/Glaze_Triangles/data_2AFC/raw_data/data_KG1.mat,data5,m,2000,2000,2000,signaled,1,10.0,100.0,2,"(1000, 1000)","[[0.5, 0.1], [0.5, 0.1]]","[[0.5, 0.1], [0.5, 0.1]]",[],False,False,True,1.0,20.0,735453.5928958155,6,"{'sigma': 10, 'signaled': 1, 'Hset': array([[0.5, 0.1],
       [0.5, 0.1]]), 'reward': 1, 'penalty': 20}",True,True,34.5,28.5,64.5,28.5
KK2:data1,KK2,1,False,data/Glaze_Triangles/data_2AFC/raw_data/data_KK2.mat,data1,f,2000,2000,2000,signaled,1,10.0,100.0,5,"(400, 400, 400, 400, 400)","[[0.1, 0.3, 0.5, 0.7, 0.8999999999999999], [0.1, 0.3, 0.5, 0.7, 0.8999999999999999]]","[[0.1, 0.3, 0.5, 0.7, 0.8999999999999999], [0.1, 0.3, 0.5, 0.7, 0.8999999999999999]]","[[10.0, 3.3333333333333335, 2.0, 1.4285714285714286, 1.1111111111111112], [10.0, 3.3333333333333335, 2.0, 1.4285714285714286, 1.1111111111111112]]",False,False,True,,,,5,"{'tau': array([[10.        ,  3.33333333,  2.        ,  1.42857143,  1.11111111],
       [10.        ,  3.33333333,  2.        ,  1.42857143,  1.11111111]]), 'signaled': 1, 'sigma': 10, 'Hset': array([[0.1, 0.3, 0.5, 0.7, 0.9],
       [0.1, 0.3, 0.5, 0.7, 0.9]])}",True,True,34.5,27.5,64.5,27.5
KK2:data2,KK2,2,False,data/Glaze_Triangles/data_2AFC/raw_data/data_KK2.mat,data2,f,2000,2000,2000,signaled,1,12.24744871391589,150.0,5,"(400, 400, 400, 400, 400)","[[0.5, 0.3, 0.7, 0.8999999999999999, 0.1], [0.5, 0.3, 0.7, 0.8999999999999999, 0.1]]","[[0.5, 0.3, 0.7, 0.8999999999999999, 0.1], [0.5, 0.3, 0.7, 0.8999999999999999, 0.1]]","[[2.0, 3.3333333333333335, 1.4285714285714286, 1.1111111111111112, 10.0], [2.0, 3.3333333333333335, 1.4285714285714286, 1.1111111111111112, 10.0]]",False,False,True,,,,5,"{'tau': array([[ 2.        ,  3.33333333,  1.42857143,  1.11111111, 10.        ],
       [ 2.        ,  3.33333333,  1.42857143,  1.11111111, 10.        ]]), 'signaled': 1, 'sigma': 12.24744871391589, 'Hset': array([[0.5, 0.3, 0.7, 0.9, 0.1],
       [0.5, 0.3, 0.7, 0.9, 0.1]])}",True,True,34.5,27.5,64.5,27.5
KK2:data3,KK2,3,False,data/Glaze_Triangles/data_2AFC/raw_data/data_KK2.mat,data3,f,2000,2000,2000,unsignaled,0,12.24744871391589,150.0,5,"(400, 400, 400, 400, 400)","[[0.8999999999999999, 0.3, 0.5, 0.7, 0.1], [0.8999999999999999, 0.3, 0.5, 0.7, 0.1]]","[[0.8999999999999999, 0.3, 0.5, 0.7, 0.1], [0.8999999999999999, 0.3, 0.5, 0.7, 0.1]]","[[1.1111111111111112, 3.3333333333333335, 2.0, 1.4285714285714286, 10.0], [1.1111111111111112, 3.3333333333333335, 2.0, 1.4285714285714286, 10.0]]",False,False,True,,,,5,"{'tau': array([[ 1.11111111,  3.33333333,  2.        ,  1.42857143, 10.        ],
       [ 1.11111111,  3.33333333,  2.        ,  1.42857143, 10.        ]]), 'signaled': 0, 'sigma': 12.24744871391589, 'Hset': array([[0.9, 0.3, 0.5, 0.7, 0.1],
       [0.9, 0.3, 0.5, 0.7, 0.1]])}",True,True,34.5,27.5,64.5,27.5
KK2:data4,KK2,4,False,data/Glaze_Triangles/data_2AFC/raw_data/data_KK2.mat,data4,f,2000,2000,2000,unsignaled,0,10.0,100.0,5,"(400, 400, 400, 400, 400)","[[0.8999999999999999, 0.7, 0.1, 0.5, 0.3], [0.8999999999999999, 0.7, 0.1, 0.5, 0.3]]","[[0.8999999999999999, 0.7, 0.1, 0.5, 0.3], [0.8999999999999999, 0.7, 0.1, 0.5, 0.3]]","[[1.1111111111111112, 1.4285714285714286, 10.0, 2.0, 3.3333333333333335], [1.1111111111111112, 1.4285714285714286, 10.0, 2.0, 3.3333333333333335]]",False,False,True,,,,5,"{'tau': array([[ 1.11111111,  1.42857143, 10.        ,  2.        ,  3.33333333],
       [ 1.11111111,  1.42857143, 10.        ,  2.        ,  3.33333333]]), 'signaled': 0, 'sigma': 10, 'Hset': array([[0.9, 0.7, 0.1, 0.5, 0.3],
       [0.9, 0.7, 0.1, 0.5, 0.3]])}",True,True,34.5,27.5,64.5,27.5
MA:data1,MA,1,False,data/Glaze_Triangles/data_2AFC/raw_data/data_MA.mat,data1,m,2000,2000,2000,signaled,1,10.0,100.0,5,"(400, 400, 400, 400, 400)","[[0.5, 0.3, 0.1, 0.8999999999999999, 0.7], [0.5, 0.3, 0.1, 0.8999999999999999, 0.7]]","[[0.5, 0.3, 0.1, 0.8999999999999999, 0.7], [0.5, 0.3, 0.1, 0.8999999999999999, 0.7]]","[[2.0, 3.3333333333333335, 10.0, 1.1111111111111112, 1.4285714285714286], [2.0, 3.3333333333333335, 10.0, 1.1111111111111112, 1.4285714285714286]]",False,False,True,,,,7,"{'tau': array([[ 2.        ,  3.33333333, 10.        ,  1.11111111,  1.42857143],
       [ 2.        ,  3.33333333, 10.        ,  1.11111111,  1.42857143]]), 'signaled': 1, 'sigma': 10, 'Hset': array([[0.5, 0.3, 0.1, 0.9, 0.7],
       [0.5, 0.3, 0.1, 0.9, 0.7]])}",True,True,34.5,27.5,64.5,27.5
MA:data2,MA,2,False,data/Glaze_Triangles/data_2AFC/raw_data/data_MA.mat,data2,m,2000,2000,2000,mixed,2,10.0,100.0,2,"(1000, 1000)","[[0.7, 0.1], [0.7, 0.1]]","[[0.7, 0.1], [0.7, 0.1]]","[[1.4285714285714286, 10.0], [1.4285714285714286, 10.0]]",False,False,True,,,,7,"{'tau': array([[ 1.42857143, 10.        ],
       [ 1.42857143, 10.        ]]), 'signaled': 2, 'sigma': 10, 'Hset': array([[0.7, 0.1],
       [0.7, 0.1]])}",True,True,34.5,27.0,64.5,27.0
MA:data3,MA,3,False,data/Glaze_Triangles/data_2AFC/raw_data/data_MA.mat,data3,m,2000,2000,2000,mixed,2,12.24744871391589,150.0,2,"(1000, 1000)","[[0.05, 0.9500000000000001], [0.05, 0.9500000000000001]]","[[0.05, 0.9500000000000001], [0.05, 0.9500000000000001]]","[[20.0, 1.0526315789473684], [20.0, 1.0526315789473684]]",False,False,True,,,,7,"{'tau': array([[20.        ,  1.05263158],
       [20.        ,  1.05263158]]), 'signaled': 2, 'sigma': 12.24744871391589, 'Hset': array([[0.05, 0.95],
       [0.05, 0.95]])}",True,True,34.5,27.0,64.5,27.0
MA:data4,MA,4,False,data/Glaze_Triangles/data_2AFC/raw_data/data_MA.mat,data4,m,2000,2000,2000,unsignaled,0,12.24744871391589,150.0,2,"(1000, 1000)","[[0.5, 0.05], [0.5, 0.05]]","[[0.5, 0.05], [0.5, 0.05]]","[[2, 20], [2, 20]]",False,False,True,,,735413.594420782,7,"{'tau': array([[ 2, 20],
       [ 2, 20]], dtype=uint8), 'signaled': 0, 'sigma': 12.24744871391589, 'Hset': array([[0.5 , 0.05],
       [0.5 , 0.05]])}",True,True,34.5,28.5,64.5,28.5
MA:data5_practice,MA,5,True,data/Glaze_Triangles/data_2AFC/raw_data/data_MA.mat,data5_practice,m,120,120,120,signaled,1,10.0,100.0,2,"(60, 60)","[[0.3, 0.7], [0.3, 0.7]]","[[0.3, 0.7], [0.3, 0.7]]",[],False,False,True,2.0,20.0,735424.5871253234,7,"{'tau': array([], dtype=float64), 'signaled': 1, 'sigma': 10, 'Hset': array([[0.3, 0.7],
       [0.3, 0.7]])}",True,True,34.5,28.5,64.5,28.5
MA:data5,MA,5,False,data/Glaze_Triangles/data_2AFC/raw_data/data_MA.mat,data5,m,2000,2000,2000,signaled,1,10.0,100.0,2,"(1000, 1000)","[[0.3, 0.7], [0.3, 0.7]]","[[0.3, 0.7], [0.3, 0.7]]",[],False,False,True,2.0,20.0,735424.5893269964,7,"{'tau': array([], dtype=float64), 'signaled': 1, 'sigma': 10, 'Hset': array([[0.3, 0.7],
       [0.3, 0.7]])}",True,True,34.5,28.5,64.5,28.5
MA:data6_practice,MA,6,True,data/Glaze_Triangles/data_2AFC/raw_data/data_MA.mat,data6_practice,m,120,120,120,unsignaled,0,12.24744871391589,150.0,5,"(24, 24, 24, 24, 24)","[[0.1, 0.7, 0.3, 0.5, 0.9], [0.1, 0.7, 0.3, 0.5, 0.9]]","[[0.1, 0.7, 0.3, 0.5, 0.9], [0.1, 0.7, 0.3, 0.5, 0.9]]",[],False,False,True,2.0,20.0,735434.7121231485,7,"{'tau': array([], dtype=float64), 'signaled': 0, 'sigma': 12.24744871391589, 'Hset': array([[0.1, 0.7, 0.3, 0.5, 0.9],
       [0.1, 0.7, 0.3, 0.5, 0.9]])}",True,True,34.5,28.5,64.5,28.5
MA:data6,MA,6,False,data/Glaze_Triangles/data_2AFC/raw_data/data_MA.mat,data6,m,2000,2000,2000,unsignaled,0,12.24744871391589,150.0,5,"(400, 400, 400, 400, 400)","[[0.1, 0.7, 0.3, 0.5, 0.9], [0.1, 0.7, 0.3, 0.5, 0.9]]","[[0.1, 0.7, 0.3, 0.5, 0.9], [0.1, 0.7, 0.3, 0.5, 0.9]]",[],False,False,True,2.0,20.0,735434.7138240652,7,"{'tau': array([], dtype=float64), 'signaled': 0, 'sigma': 12.24744871391589, 'Hset': array([[0.1, 0.7, 0.3, 0.5, 0.9],
       [0.1, 0.7, 0.3, 0.5, 0.9]])}",True,True,34.5,28.5,64.5,28.5
MH1:data1_practice,MH1,1,True,data/Glaze_Triangles/data_2AFC/raw_data/data_MH1.mat,data1_practice,f,120,120,120,signaled,1,10.0,100.0,2,"(60, 60)","[[0.95, 0.05], [0.95, 0.05]]","[[0.95, 0.05], [0.95, 0.05]]",[],False,False,True,1.0,20.0,735425.6530016673,7,"{'sigma': 10, 'signaled': 1, 'Hset': array([[0.95, 0.05],
       [0.95, 0.05]]), 'reward': 1, 'penalty': 20}",True,True,34.5,28.5,64.5,28.5
MH1:data1,MH1,1,False,data/Glaze_Triangles/data_2AFC/raw_data/data_MH1.mat,data1,f,2000,2000,2000,signaled,1,10.0,100.0,2,"(1000, 1000)","[[0.95, 0.05], [0.95, 0.05]]","[[0.95, 0.05], [0.95, 0.05]]",[],False,False,True,1.0,20.0,735425.6573518078,7,"{'sigma': 10, 'signaled': 1, 'Hset': array([[0.95, 0.05],
       [0.95, 0.05]]), 'reward': 1, 'penalty': 20}",True,True,34.5,28.5,64.5,28.5
MH1:data2_practice,MH1,2,True,data/Glaze_Triangles/data_2AFC/raw_data/data_MH1.mat,data2_practice,f,120,120,120,signaled,1,7.0710678118654755,50.00000000000001,2,"(60, 60)","[[0.95, 0.05], [0.95, 0.05]]","[[0.95, 0.05], [0.95, 0.05]]",[],False,False,True,1.0,20.0,735440.3479742992,7,"{'sigma': 7.0710678118654755, 'signaled': 1, 'Hset': array([[0.95, 0.05],
       [0.95, 0.05]]), 'reward': 1, 'penalty': 20}",True,True,34.5,28.5,64.5,28.5
MH1:data2,MH1,2,False,data/Glaze_Triangles/data_2AFC/raw_data/data_MH1.mat,data2,f,2000,2000,2000,signaled,1,7.0710678118654755,50.00000000000001,2,"(1000, 1000)","[[0.95, 0.05], [0.95, 0.05]]","[[0.95, 0.05], [0.95, 0.05]]",[],False,False,True,1.0,20.0,735440.3506784389,7,"{'sigma': 7.0710678118654755, 'signaled': 1, 'Hset': array([[0.95, 0.05],
       [0.95, 0.05]]), 'reward': 1, 'penalty': 20}",True,True,34.5,28.5,64.5,28.5
MH1:data3_practice,MH1,3,True,data/Glaze_Triangles/data_2AFC/raw_data/data_MH1.mat,data3_practice,f,120,120,120,unsignaled,0,7.0710678118654755,50.00000000000001,2,"(60, 60)","[[0.7, 0.05], [0.7, 0.05]]","[[0.7, 0.05], [0.7, 0.05]]",[],False,False,True,1.0,20.0,735440.7120476103,7,"{'sigma': 7.0710678118654755, 'signaled': 0, 'Hset': array([[0.7 , 0.05],
       [0.7 , 0.05]]), 'reward': 1, 'penalty': 20}",True,True,34.5,28.5,64.5,28.5
MH1:data3,MH1,3,False,data/Glaze_Triangles/data_2AFC/raw_data/data_MH1.mat,data3,f,2000,2000,2000,unsignaled,0,7.0710678118654755,50.00000000000001,2,"(1000, 1000)","[[0.7, 0.05], [0.7, 0.05]]","[[0.7, 0.05], [0.7, 0.05]]",[],False,False,True,1.0,20.0,735440.7144313414,7,"{'sigma': 7.0710678118654755, 'signaled': 0, 'Hset': array([[0.7 , 0.05],
       [0.7 , 0.05]]), 'reward': 1, 'penalty': 20}",True,True,34.5,28.5,64.5,28.5
MH1:data4_practice,MH1,4,True,data/Glaze_Triangles/data_2AFC/raw_data/data_MH1.mat,data4_practice,f,120,120,120,mixed,2,10.0,100.0,2,"(60, 60)","[[0.3, 0.95], [0.3, 0.95]]","[[0.3, 0.95], [0.3, 0.95]]",[],False,False,True,1.0,20.0,735441.3470668985,7,"{'sigma': 10, 'signaled': 2, 'Hset': array([[0.3 , 0.95],
       [0.3 , 0.95]]), 'reward': 1, 'penalty': 20}",True,True,34.5,28.5,64.5,28.5
MH1:data4,MH1,4,False,data/Glaze_Triangles/data_2AFC/raw_data/data_MH1.mat,data4,f,2000,2000,2000,mixed,2,10.0,100.0,2,"(1000, 1000)","[[0.3, 0.95], [0.3, 0.95]]","[[0.3, 0.95], [0.3, 0.95]]",[],False,False,True,1.0,20.0,735441.3498321435,7,"{'sigma': 10, 'signaled': 2, 'Hset': array([[0.3 , 0.95],
       [0.3 , 0.95]]), 'reward': 1, 'penalty': 20}",True,True,34.5,28.5,64.5,28.5
MH1:data5_practice,MH1,5,True,data/Glaze_Triangles/data_2AFC/raw_data/data_MH1.mat,data5_practice,f,120,120,120,mixed,2,7.0710678118654755,50.00000000000001,2,"(60, 60)","[[0.1, 0.3], [0.1, 0.3]]","[[0.1, 0.3], [0.1, 0.3]]",[],False,False,True,1.0,20.0,735444.3524812318,7,"{'sigma': 7.0710678118654755, 'signaled': 2, 'Hset': array([[0.1, 0.3],
       [0.1, 0.3]]), 'reward': 1, 'penalty': 20}",True,True,34.5,28.5,64.5,28.5
MH1:data5,MH1,5,False,data/Glaze_Triangles/data_2AFC/raw_data/data_MH1.mat,data5,f,2000,2000,2000,mixed,2,7.0710678118654755,50.00000000000001,2,"(1000, 1000)","[[0.1, 0.3], [0.1, 0.3]]","[[0.1, 0.3], [0.1, 0.3]]",[],False,False,True,1.0,20.0,735444.3550142854,7,"{'sigma': 7.0710678118654755, 'signaled': 2, 'Hset': array([[0.1, 0.3],
       [0.1, 0.3]]), 'reward': 1, 'penalty': 20}",True,True,34.5,28.5,64.5,28.5
MH1:data6_practice,MH1,6,True,data/Glaze_Triangles/data_2AFC/raw_data/data_MH1.mat,data6_practice,f,120,120,120,unsignaled,0,10.0,100.0,2,"(60, 60)","[[0.5, 0.1], [0.5, 0.1]]","[[0.5, 0.1], [0.5, 0.1]]",[],False,False,True,1.0,20.0,735445.3531141594,7,"{'sigma': 10, 'signaled': 0, 'Hset': array([[0.5, 0.1],
       [0.5, 0.1]]), 'reward': 1, 'penalty': 20}",True,True,34.5,28.5,64.5,28.5
MH1:data6,MH1,6,False,data/Glaze_Triangles/data_2AFC/raw_data/data_MH1.mat,data6,f,2000,2000,2000,unsignaled,0,10.0,100.0,2,"(1000, 1000)","[[0.5, 0.1], [0.5, 0.1]]","[[0.5, 0.1], [0.5, 0.1]]",[],False,False,True,1.0,20.0,735445.3551672897,7,"{'sigma': 10, 'signaled': 0, 'Hset': array([[0.5, 0.1],
       [0.5, 0.1]]), 'reward': 1, 'penalty': 20}",True,True,34.5,28.5,64.5,28.5
ML1:data1_practice,ML1,1,True,data/Glaze_Triangles/data_2AFC/raw_data/data_ML1.mat,data1_practice,f,120,120,120,signaled,1,7.0710678118654755,50.00000000000001,2,"(60, 60)","[[0.05, 0.95], [0.05, 0.95]]","[[0.05, 0.95], [0.05, 0.95]]",[],False,False,True,1.0,20.0,735448.4054837738,3,"{'sigma': 7.0710678118654755, 'signaled': 1, 'Hset': array([[0.05, 0.95],
       [0.05, 0.95]]), 'reward': 1, 'penalty': 20}",True,True,34.5,28.5,64.5,28.5
ML1:data1,ML1,1,False,data/Glaze_Triangles/data_2AFC/raw_data/data_ML1.mat,data1,f,2000,2000,2000,signaled,1,7.0710678118654755,50.00000000000001,2,"(1000, 1000)","[[0.05, 0.95], [0.05, 0.95]]","[[0.05, 0.95], [0.05, 0.95]]",[],False,False,True,1.0,20.0,735448.4081906816,3,"{'sigma': 7.0710678118654755, 'signaled': 1, 'Hset': array([[0.05, 0.95],
       [0.05, 0.95]]), 'reward': 1, 'penalty': 20}",True,True,34.5,28.5,64.5,28.5
ML1:data2_practice,ML1,2,True,data/Glaze_Triangles/data_2AFC/raw_data/data_ML1.mat,data2_practice,f,120,120,120,unsignaled,0,7.0710678118654755,50.00000000000001,2,"(60, 60)","[[0.9, 0.05], [0.9, 0.05]]","[[0.9, 0.05], [0.9, 0.05]]",[],False,False,True,1.0,20.0,735455.4019545635,3,"{'sigma': 7.0710678118654755, 'signaled': 0, 'Hset': array([[0.9 , 0.05],
       [0.9 , 0.05]]), 'reward': 1, 'penalty': 20}",True,True,34.5,28.5,64.5,28.5
ML1:data2,ML1,2,False,data/Glaze_Triangles/data_2AFC/raw_data/data_ML1.mat,data2,f,2000,2000,2000,unsignaled,0,7.0710678118654755,50.00000000000001,2,"(1000, 1000)","[[0.9, 0.05], [0.9, 0.05]]","[[0.9, 0.05], [0.9, 0.05]]",[],False,False,True,1.0,20.0,735455.4039338653,3,"{'sigma': 7.0710678118654755, 'signaled': 0, 'Hset': array([[0.9 , 0.05],
       [0.9 , 0.05]]), 'reward': 1, 'penalty': 20}",True,True,34.5,28.5,64.5,28.5
MM:data1,MM,1,False,data/Glaze_Triangles/data_2AFC/raw_data/data_MM.mat,data1,f,2000,2000,2000,signaled,1,10.0,100.0,5,"(400, 400, 400, 400, 400)","[[0.1, 0.7, 0.3, 0.5, 0.8999999999999999], [0.1, 0.7, 0.3, 0.5, 0.8999999999999999]]","[[0.1, 0.7, 0.3, 0.5, 0.8999999999999999], [0.1, 0.7, 0.3, 0.5, 0.8999999999999999]]","[[10.0, 1.4285714285714286, 3.3333333333333335, 2.0, 1.1111111111111112], [10.0, 1.4285714285714286, 3.3333333333333335, 2.0, 1.1111111111111112]]",False,False,True,,,,5,"{'tau': array([[10.        ,  1.42857143,  3.33333333,  2.        ,  1.11111111],
       [10.        ,  1.42857143,  3.33333333,  2.        ,  1.11111111]]), 'signaled': 1, 'sigma': 10, 'Hset': array([[0.1, 0.7, 0.3, 0.5, 0.9],
       [0.1, 0.7, 0.3, 0.5, 0.9]])}",True,True,34.5,27.0,64.5,27.0
MM:data2,MM,2,False,data/Glaze_Triangles/data_2AFC/raw_data/data_MM.mat,data2,f,2000,2000,2000,signaled,1,12.24744871391589,150.0,5,"(400, 400, 400, 400, 400)","[[0.7, 0.1, 0.3, 0.5, 0.8999999999999999], [0.7, 0.1, 0.3, 0.5, 0.8999999999999999]]","[[0.7, 0.1, 0.3, 0.5, 0.8999999999999999], [0.7, 0.1, 0.3, 0.5, 0.8999999999999999]]","[[1.4285714285714286, 10.0, 3.3333333333333335, 2.0, 1.1111111111111112], [1.4285714285714286, 10.0, 3.3333333333333335, 2.0, 1.1111111111111112]]",False,False,True,,,,5,"{'tau': array([[ 1.42857143, 10.        ,  3.33333333,  2.        ,  1.11111111],
       [ 1.42857143, 10.        ,  3.33333333,  2.        ,  1.11111111]]), 'signaled': 1, 'sigma': 12.24744871391589, 'Hset': array([[0.7, 0.1, 0.3, 0.5, 0.9],
       [0.7, 0.1, 0.3, 0.5, 0.9]])}",True,True,34.5,27.5,64.5,27.5
MM:data3,MM,3,False,data/Glaze_Triangles/data_2AFC/raw_data/data_MM.mat,data3,f,2000,2000,2000,mixed,2,10.0,100.0,2,"(1000, 1000)","[[0.8999999999999999, 0.1], [0.8999999999999999, 0.1]]","[[0.8999999999999999, 0.1], [0.8999999999999999, 0.1]]","[[1.1111111111111112, 10.0], [1.1111111111111112, 10.0]]",False,False,True,,,,5,"{'tau': array([[ 1.11111111, 10.        ],
       [ 1.11111111, 10.        ]]), 'signaled': 2, 'sigma': 10, 'Hset': array([[0.9, 0.1],
       [0.9, 0.1]])}",True,True,34.5,27.0,64.5,27.0
MM:data4,MM,4,False,data/Glaze_Triangles/data_2AFC/raw_data/data_MM.mat,data4,f,2000,2000,2000,mixed,2,12.24744871391589,150.0,2,"(1000, 1000)","[[0.1, 0.8999999999999999], [0.1, 0.8999999999999999]]","[[0.1, 0.8999999999999999], [0.1, 0.8999999999999999]]","[[10.0, 1.1111111111111112], [10.0, 1.1111111111111112]]",False,False,True,,,,5,"{'tau': array([[10.        ,  1.11111111],
       [10.        ,  1.11111111]]), 'signaled': 2, 'sigma': 12.24744871391589, 'Hset': array([[0.1, 0.9],
       [0.1, 0.9]])}",True,True,34.5,27.0,64.5,27.0
MM5:data1_practice,MM5,1,True,data/Glaze_Triangles/data_2AFC/raw_data/data_MM5.mat,data1_practice,f,120,120,120,mixed,2,7.0710678118654755,50.00000000000001,2,"(60, 60)","[[0.1, 0.7], [0.1, 0.7]]","[[0.1, 0.7], [0.1, 0.7]]",[],False,False,True,1.0,20.0,735444.5298741934,5,"{'sigma': 7.0710678118654755, 'signaled': 2, 'Hset': array([[0.1, 0.7],
       [0.1, 0.7]]), 'reward': 1, 'penalty': 20}",True,True,34.5,28.5,64.5,28.5
MM5:data1,MM5,1,False,data/Glaze_Triangles/data_2AFC/raw_data/data_MM5.mat,data1,f,2000,2000,2000,mixed,2,7.0710678118654755,50.00000000000001,2,"(1000, 1000)","[[0.1, 0.7], [0.1, 0.7]]","[[0.1, 0.7], [0.1, 0.7]]",[],False,False,True,1.0,20.0,735444.5328454245,5,"{'sigma': 7.0710678118654755, 'signaled': 2, 'Hset': array([[0.1, 0.7],
       [0.1, 0.7]]), 'reward': 1, 'penalty': 20}",True,True,34.5,28.5,64.5,28.5
MM5:data2_practice,MM5,2,True,data/Glaze_Triangles/data_2AFC/raw_data/data_MM5.mat,data2_practice,f,120,120,120,signaled,1,7.0710678118654755,50.00000000000001,2,"(60, 60)","[[0.3, 0.95], [0.3, 0.95]]","[[0.3, 0.95], [0.3, 0.95]]",[],False,False,True,1.0,20.0,735445.6514595489,5,"{'sigma': 7.0710678118654755, 'signaled': 1, 'Hset': array([[0.3 , 0.95],
       [0.3 , 0.95]]), 'reward': 1, 'penalty': 20}",True,True,34.5,28.5,64.5,28.5
MM5:data2,MM5,2,False,data/Glaze_Triangles/data_2AFC/raw_data/data_MM5.mat,data2,f,2000,2000,2000,signaled,1,7.0710678118654755,50.00000000000001,2,"(1000, 1000)","[[0.3, 0.95], [0.3, 0.95]]","[[0.3, 0.95], [0.3, 0.95]]",[],False,False,True,1.0,20.0,735445.6542228381,5,"{'sigma': 7.0710678118654755, 'signaled': 1, 'Hset': array([[0.3 , 0.95],
       [0.3 , 0.95]]), 'reward': 1, 'penalty': 20}",True,True,34.5,28.5,64.5,28.5
MM5:data3_practice,MM5,3,True,data/Glaze_Triangles/data_2AFC/raw_data/data_MM5.mat,data3_practice,f,120,120,120,unsignaled,0,7.0710678118654755,50.00000000000001,5,"(24, 24, 24, 24, 24)","[[0.1, 0.9, 0.7, 0.5, 0.3], [0.1, 0.9, 0.7, 0.5, 0.3]]","[[0.1, 0.9, 0.7, 0.5, 0.3], [0.1, 0.9, 0.7, 0.5, 0.3]]",[],False,False,True,1.0,20.0,735446.6466975703,5,"{'sigma': 7.0710678118654755, 'signaled': 0, 'Hset': array([[0.1, 0.9, 0.7, 0.5, 0.3],
       [0.1, 0.9, 0.7, 0.5, 0.3]]), 'reward': 1, 'penalty': 20}",True,True,34.5,28.5,64.5,28.5
MM5:data3,MM5,3,False,data/Glaze_Triangles/data_2AFC/raw_data/data_MM5.mat,data3,f,2000,2000,2000,unsignaled,0,7.0710678118654755,50.00000000000001,5,"(400, 400, 400, 400, 400)","[[0.1, 0.9, 0.7, 0.5, 0.3], [0.1, 0.9, 0.7, 0.5, 0.3]]","[[0.1, 0.9, 0.7, 0.5, 0.3], [0.1, 0.9, 0.7, 0.5, 0.3]]",[],False,False,True,1.0,20.0,735446.648859034,5,"{'sigma': 7.0710678118654755, 'signaled': 0, 'Hset': array([[0.1, 0.9, 0.7, 0.5, 0.3],
       [0.1, 0.9, 0.7, 0.5, 0.3]]), 'reward': 1, 'penalty': 20}",True,True,34.5,28.5,64.5,28.5
MM5:data4_practice,MM5,4,True,data/Glaze_Triangles/data_2AFC/raw_data/data_MM5.mat,data4_practice,f,120,120,120,mixed,2,10.0,100.0,2,"(60, 60)","[[0.1, 0.3], [0.1, 0.3]]","[[0.1, 0.3], [0.1, 0.3]]",[],False,False,True,1.0,20.0,735447.6473693384,5,"{'sigma': 10, 'signaled': 2, 'Hset': array([[0.1, 0.3],
       [0.1, 0.3]]), 'reward': 1, 'penalty': 20}",True,True,34.5,28.5,64.5,28.5
MM5:data4,MM5,4,False,data/Glaze_Triangles/data_2AFC/raw_data/data_MM5.mat,data4,f,2000,2000,2000,mixed,2,10.0,100.0,2,"(1000, 1000)","[[0.1, 0.3], [0.1, 0.3]]","[[0.1, 0.3], [0.1, 0.3]]",[],False,False,True,1.0,20.0,735447.6529466966,5,"{'sigma': 10, 'signaled': 2, 'Hset': array([[0.1, 0.3],
       [0.1, 0.3]]), 'reward': 1, 'penalty': 20}",True,True,34.5,28.5,64.5,28.5
NS1:data1_practice,NS1,1,True,data/Glaze_Triangles/data_2AFC/raw_data/data_NS1.mat,data1_practice,f,120,120,120,unsignaled,0,10.0,100.0,5,"(24, 24, 24, 24, 24)","[[0.1, 0.7, 0.3, 0.5, 0.9], [0.1, 0.7, 0.3, 0.5, 0.9]]","[[0.1, 0.7, 0.3, 0.5, 0.9], [0.1, 0.7, 0.3, 0.5, 0.9]]",[],False,False,True,1.0,20.0,735434.5885089551,2,"{'sigma': 10, 'signaled': 0, 'Hset': array([[0.1, 0.7, 0.3, 0.5, 0.9],
       [0.1, 0.7, 0.3, 0.5, 0.9]]), 'reward': 1, 'penalty': 20}",True,True,34.5,28.5,64.5,28.5
NS1:data1,NS1,1,False,data/Glaze_Triangles/data_2AFC/raw_data/data_NS1.mat,data1,f,2000,2000,2000,unsignaled,0,10.0,100.0,5,"(400, 400, 400, 400, 400)","[[0.1, 0.7, 0.3, 0.5, 0.9], [0.1, 0.7, 0.3, 0.5, 0.9]]","[[0.1, 0.7, 0.3, 0.5, 0.9], [0.1, 0.7, 0.3, 0.5, 0.9]]",[],False,False,True,1.0,20.0,735434.5920180777,2,"{'sigma': 10, 'signaled': 0, 'Hset': array([[0.1, 0.7, 0.3, 0.5, 0.9],
       [0.1, 0.7, 0.3, 0.5, 0.9]]), 'reward': 1, 'penalty': 20}",True,True,34.5,28.5,64.5,28.5
NW1:data1_practice,NW1,1,True,data/Glaze_Triangles/data_2AFC/raw_data/data_NW1.mat,data1_practice,m,120,120,120,mixed,2,7.0710678118654755,50.00000000000001,2,"(60, 60)","[[0.05, 0.9], [0.05, 0.9]]","[[0.05, 0.9], [0.05, 0.9]]",[],False,False,True,1.0,20.0,735439.653470003,6,"{'sigma': 7.0710678118654755, 'signaled': 2, 'Hset': array([[0.05, 0.9 ],
       [0.05, 0.9 ]]), 'reward': 1, 'penalty': 20}",True,True,34.5,28.5,64.5,28.5
NW1:data1,NW1,1,False,data/Glaze_Triangles/data_2AFC/raw_data/data_NW1.mat,data1,m,2000,2000,2000,mixed,2,7.0710678118654755,50.00000000000001,2,"(1000, 1000)","[[0.05, 0.9], [0.05, 0.9]]","[[0.05, 0.9], [0.05, 0.9]]",[],False,False,True,1.0,20.0,735439.6584705027,6,"{'sigma': 7.0710678118654755, 'signaled': 2, 'Hset': array([[0.05, 0.9 ],
       [0.05, 0.9 ]]), 'reward': 1, 'penalty': 20}",True,True,34.5,28.5,64.5,28.5
NW1:data2_practice,NW1,2,True,data/Glaze_Triangles/data_2AFC/raw_data/data_NW1.mat,data2_practice,m,120,120,120,signaled,1,7.0710678118654755,50.00000000000001,5,"(24, 24, 24, 24, 24)","[[0.3, 0.5, 0.7, 0.9, 0.1], [0.3, 0.5, 0.7, 0.9, 0.1]]","[[0.3, 0.5, 0.7, 0.9, 0.1], [0.3, 0.5, 0.7, 0.9, 0.1]]",[],False,False,True,1.0,20.0,735445.5837145946,6,"{'sigma': 7.0710678118654755, 'signaled': 1, 'Hset': array([[0.3, 0.5, 0.7, 0.9, 0.1],
       [0.3, 0.5, 0.7, 0.9, 0.1]]), 'reward': 1, 'penalty': 20}",True,True,34.5,28.5,64.5,28.5
NW1:data2,NW1,2,False,data/Glaze_Triangles/data_2AFC/raw_data/data_NW1.mat,data2,m,2000,2000,2000,signaled,1,7.0710678118654755,50.00000000000001,5,"(400, 400, 400, 400, 400)","[[0.3, 0.5, 0.7, 0.9, 0.1], [0.3, 0.5, 0.7, 0.9, 0.1]]","[[0.3, 0.5, 0.7, 0.9, 0.1], [0.3, 0.5, 0.7, 0.9, 0.1]]",[],False,False,True,1.0,20.0,735445.5861394717,6,"{'sigma': 7.0710678118654755, 'signaled': 1, 'Hset': array([[0.3, 0.5, 0.7, 0.9, 0.1],
       [0.3, 0.5, 0.7, 0.9, 0.1]]), 'reward': 1, 'penalty': 20}",True,True,34.5,28.5,64.5,28.5
NW1:data3_practice,NW1,3,True,data/Glaze_Triangles/data_2AFC/raw_data/data_NW1.mat,data3_practice,m,120,120,120,unsignaled,0,7.0710678118654755,50.00000000000001,2,"(60, 60)","[[0.5, 0.1], [0.5, 0.1]]","[[0.5, 0.1], [0.5, 0.1]]",[],False,False,True,1.0,20.0,735453.5429717947,6,"{'sigma': 7.0710678118654755, 'signaled': 0, 'Hset': array([[0.5, 0.1],
       [0.5, 0.1]]), 'reward': 1, 'penalty': 20}",True,True,34.5,28.5,64.5,28.5
NW1:data3,NW1,3,False,data/Glaze_Triangles/data_2AFC/raw_data/data_NW1.mat,data3,m,2000,2000,2000,unsignaled,0,7.0710678118654755,50.00000000000001,2,"(1000, 1000)","[[0.5, 0.1], [0.5, 0.1]]","[[0.5, 0.1], [0.5, 0.1]]",[],False,False,True,1.0,20.0,735453.544607165,6,"{'sigma': 7.0710678118654755, 'signaled': 0, 'Hset': array([[0.5, 0.1],
       [0.5, 0.1]]), 'reward': 1, 'penalty': 20}",True,True,34.5,28.5,64.5,28.5
NW1:data4_practice,NW1,4,True,data/Glaze_Triangles/data_2AFC/raw_data/data_NW1.mat,data4_practice,m,120,120,120,mixed,2,10.0,100.0,2,"(60, 60)","[[0.3, 0.5], [0.3, 0.5]]","[[0.3, 0.5], [0.3, 0.5]]",[],False,False,True,1.0,20.0,735454.401408363,6,"{'sigma': 10, 'signaled': 2, 'Hset': array([[0.3, 0.5],
       [0.3, 0.5]]), 'reward': 1, 'penalty': 20}",True,True,34.5,28.5,64.5,28.5
NW1:data4,NW1,4,False,data/Glaze_Triangles/data_2AFC/raw_data/data_NW1.mat,data4,m,2000,2000,2000,mixed,2,10.0,100.0,2,"(1000, 1000)","[[0.3, 0.5], [0.3, 0.5]]","[[0.3, 0.5], [0.3, 0.5]]",[],False,False,True,1.0,20.0,735454.4036750488,6,"{'sigma': 10, 'signaled': 2, 'Hset': array([[0.3, 0.5],
       [0.3, 0.5]]), 'reward': 1, 'penalty': 20}",True,True,34.5,28.5,64.5,28.5
NW1:data5_practice,NW1,5,True,data/Glaze_Triangles/data_2AFC/raw_data/data_NW1.mat,data5_practice,m,120,120,120,unsignaled,0,10.0,100.0,2,"(60, 60)","[[0.05, 0.9], [0.05, 0.9]]","[[0.05, 0.9], [0.05, 0.9]]",[],False,False,True,1.0,20.0,735455.6486789408,6,"{'sigma': 10, 'signaled': 0, 'Hset': array([[0.05, 0.9 ],
       [0.05, 0.9 ]]), 'reward': 1, 'penalty': 20}",True,True,34.5,28.5,64.5,28.5
NW1:data5,NW1,5,False,data/Glaze_Triangles/data_2AFC/raw_data/data_NW1.mat,data5,m,2000,2000,2000,unsignaled,0,10.0,100.0,2,"(1000, 1000)","[[0.05, 0.9], [0.05, 0.9]]","[[0.05, 0.9], [0.05, 0.9]]",[],False,False,True,1.0,20.0,735455.6503612354,6,"{'sigma': 10, 'signaled': 0, 'Hset': array([[0.05, 0.9 ],
       [0.05, 0.9 ]]), 'reward': 1, 'penalty': 20}",True,True,34.5,28.5,64.5,28.5
PA1:data1_practice,PA1,1,True,data/Glaze_Triangles/data_2AFC/raw_data/data_PA1.mat,data1_practice,m,120,120,120,unsignaled,0,7.0710678118654755,50.00000000000001,2,"(60, 60)","[[0.05, 0.7], [0.05, 0.7]]","[[0.05, 0.7], [0.05, 0.7]]",[],False,False,True,1.0,20.0,735444.6663189336,5,"{'sigma': 7.0710678118654755, 'signaled': 0, 'Hset': array([[0.05, 0.7 ],
       [0.05, 0.7 ]]), 'reward': 1, 'penalty': 20}",True,True,34.5,28.5,64.5,28.5
PA1:data1,PA1,1,False,data/Glaze_Triangles/data_2AFC/raw_data/data_PA1.mat,data1,m,2000,2000,2000,unsignaled,0,7.0710678118654755,50.00000000000001,2,"(1000, 1000)","[[0.05, 0.7], [0.05, 0.7]]","[[0.05, 0.7], [0.05, 0.7]]",[],False,False,True,1.0,20.0,735444.6688771421,5,"{'sigma': 7.0710678118654755, 'signaled': 0, 'Hset': array([[0.05, 0.7 ],
       [0.05, 0.7 ]]), 'reward': 1, 'penalty': 20}",True,True,34.5,28.5,64.5,28.5
PA1:data2_practice,PA1,2,True,data/Glaze_Triangles/data_2AFC/raw_data/data_PA1.mat,data2_practice,m,120,120,120,signaled,1,7.0710678118654755,50.00000000000001,2,"(60, 60)","[[0.95, 0.1], [0.95, 0.1]]","[[0.95, 0.1], [0.95, 0.1]]",[],False,False,True,1.0,20.0,735448.6365798996,5,"{'sigma': 7.0710678118654755, 'signaled': 1, 'Hset': array([[0.95, 0.1 ],
       [0.95, 0.1 ]]), 'reward': 1, 'penalty': 20}",True,True,34.5,28.5,64.5,28.5
PA1:data2,PA1,2,False,data/Glaze_Triangles/data_2AFC/raw_data/data_PA1.mat,data2,m,2000,2000,2000,signaled,1,7.0710678118654755,50.00000000000001,2,"(1000, 1000)","[[0.95, 0.1], [0.95, 0.1]]","[[0.95, 0.1], [0.95, 0.1]]",[],False,False,True,1.0,20.0,735448.6388188365,5,"{'sigma': 7.0710678118654755, 'signaled': 1, 'Hset': array([[0.95, 0.1 ],
       [0.95, 0.1 ]]), 'reward': 1, 'penalty': 20}",True,True,34.5,28.5,64.5,28.5
PA1:data3_practice,PA1,3,True,data/Glaze_Triangles/data_2AFC/raw_data/data_PA1.mat,data3_practice,m,120,120,120,mixed,2,7.0710678118654755,50.00000000000001,2,"(60, 60)","[[0.1, 0.7], [0.1, 0.7]]","[[0.1, 0.7], [0.1, 0.7]]",[],False,False,True,1.0,20.0,735451.5910508209,5,"{'sigma': 7.0710678118654755, 'signaled': 2, 'Hset': array([[0.1, 0.7],
       [0.1, 0.7]]), 'reward': 1, 'penalty': 20}",True,True,34.5,28.5,64.5,28.5
PA1:data3,PA1,3,False,data/Glaze_Triangles/data_2AFC/raw_data/data_PA1.mat,data3,m,2000,2000,2000,mixed,2,7.0710678118654755,50.00000000000001,2,"(1000, 1000)","[[0.1, 0.7], [0.1, 0.7]]","[[0.1, 0.7], [0.1, 0.7]]",[],False,False,True,1.0,20.0,735451.5930561655,5,"{'sigma': 7.0710678118654755, 'signaled': 2, 'Hset': array([[0.1, 0.7],
       [0.1, 0.7]]), 'reward': 1, 'penalty': 20}",True,True,34.5,28.5,64.5,28.5
PA1:data4_practice,PA1,4,True,data/Glaze_Triangles/data_2AFC/raw_data/data_PA1.mat,data4_practice,m,120,120,120,mixed,2,10.0,100.0,2,"(60, 60)","[[0.9, 0.7], [0.9, 0.7]]","[[0.9, 0.7], [0.9, 0.7]]",[],False,False,True,1.0,20.0,735452.6603430962,5,"{'sigma': 10, 'signaled': 2, 'Hset': array([[0.9, 0.7],
       [0.9, 0.7]]), 'reward': 1, 'penalty': 20}",True,True,34.5,28.5,64.5,28.5
PA1:data4,PA1,4,False,data/Glaze_Triangles/data_2AFC/raw_data/data_PA1.mat,data4,m,2000,2000,2000,mixed,2,10.0,100.0,2,"(1000, 1000)","[[0.9, 0.7], [0.9, 0.7]]","[[0.9, 0.7], [0.9, 0.7]]",[],False,False,True,1.0,20.0,735452.6618972701,5,"{'sigma': 10, 'signaled': 2, 'Hset': array([[0.9, 0.7],
       [0.9, 0.7]]), 'reward': 1, 'penalty': 20}",True,True,34.5,28.5,64.5,28.5
PC1:data1_practice,PC1,1,True,data/Glaze_Triangles/data_2AFC/raw_data/data_PC1.mat,data1_practice,f,120,120,120,signaled,1,10.0,100.0,2,"(60, 60)","[[0.1, 0.95], [0.1, 0.95]]","[[0.1, 0.95], [0.1, 0.95]]",[],False,False,True,1.0,20.0,735437.4645477873,4,"{'sigma': 10, 'signaled': 1, 'Hset': array([[0.1 , 0.95],
       [0.1 , 0.95]]), 'reward': 1, 'penalty': 20}",True,True,34.5,28.5,64.5,28.5
PC1:data1,PC1,1,False,data/Glaze_Triangles/data_2AFC/raw_data/data_PC1.mat,data1,f,2000,2000,2000,signaled,1,10.0,100.0,2,"(1000, 1000)","[[0.1, 0.95], [0.1, 0.95]]","[[0.1, 0.95], [0.1, 0.95]]",[],False,False,True,1.0,20.0,735437.4677898117,4,"{'sigma': 10, 'signaled': 1, 'Hset': array([[0.1 , 0.95],
       [0.1 , 0.95]]), 'reward': 1, 'penalty': 20}",True,True,34.5,28.5,64.5,28.5
PC1:data2_practice,PC1,2,True,data/Glaze_Triangles/data_2AFC/raw_data/data_PC1.mat,data2_practice,f,120,120,120,mixed,2,7.0710678118654755,50.00000000000001,2,"(60, 60)","[[0.05, 0.95], [0.05, 0.95]]","[[0.05, 0.95], [0.05, 0.95]]",[],False,False,True,1.0,20.0,735438.4653201803,4,"{'sigma': 7.0710678118654755, 'signaled': 2, 'Hset': array([[0.05, 0.95],
       [0.05, 0.95]]), 'reward': 1, 'penalty': 20}",True,True,34.5,28.5,64.5,28.5
PC1:data2,PC1,2,False,data/Glaze_Triangles/data_2AFC/raw_data/data_PC1.mat,data2,f,2000,2000,2000,mixed,2,7.0710678118654755,50.00000000000001,2,"(1000, 1000)","[[0.05, 0.95], [0.05, 0.95]]","[[0.05, 0.95], [0.05, 0.95]]",[],False,False,True,1.0,20.0,735438.4675416708,4,"{'sigma': 7.0710678118654755, 'signaled': 2, 'Hset': array([[0.05, 0.95],
       [0.05, 0.95]]), 'reward': 1, 'penalty': 20}",True,True,34.5,28.5,64.5,28.5
PC1:data3_practice,PC1,3,True,data/Glaze_Triangles/data_2AFC/raw_data/data_PC1.mat,data3_practice,f,120,120,120,unsignaled,0,7.0710678118654755,50.00000000000001,2,"(60, 60)","[[0.9, 0.05], [0.9, 0.05]]","[[0.9, 0.05], [0.9, 0.05]]",[],False,False,True,1.0,20.0,735439.4603241645,4,"{'sigma': 7.0710678118654755, 'signaled': 0, 'Hset': array([[0.9 , 0.05],
       [0.9 , 0.05]]), 'reward': 1, 'penalty': 20}",True,True,34.5,28.5,64.5,28.5
PC1:data3,PC1,3,False,data/Glaze_Triangles/data_2AFC/raw_data/data_PC1.mat,data3,f,2000,2000,2000,unsignaled,0,7.0710678118654755,50.00000000000001,2,"(1000, 1000)","[[0.9, 0.05], [0.9, 0.05]]","[[0.9, 0.05], [0.9, 0.05]]",[],False,False,True,1.0,20.0,735439.4626797682,4,"{'sigma': 7.0710678118654755, 'signaled': 0, 'Hset': array([[0.9 , 0.05],
       [0.9 , 0.05]]), 'reward': 1, 'penalty': 20}",True,True,34.5,28.5,64.5,28.5
PH1:data1_practice,PH1,1,True,data/Glaze_Triangles/data_2AFC/raw_data/data_PH1.mat,data1_practice,f,120,120,120,unsignaled,0,10.0,100.0,2,"(60, 60)",,,"[[20.0, 3.3333333333333335], [20.0, 3.3333333333333335]]",False,False,,,,735416.4084020171,7,"{'tau': array([[20.        ,  3.33333333],
       [20.        ,  3.33333333]]), 'signaled': 0, 'sigma': 10, 'Hset': array([[0.05, 0.3 ],
       [0.05, 0.3 ]])}",True,True,34.5,28.5,64.5,28.5
PH1:data1,PH1,1,False,data/Glaze_Triangles/data_2AFC/raw_data/data_PH1.mat,data1,f,2000,2000,2000,unsignaled,0,10.0,100.0,2,"(1000, 1000)","[[0.05, 0.3], [0.05, 0.3]]","[[0.05, 0.3], [0.05, 0.3]]","[[20.0, 3.3333333333333335], [20.0, 3.3333333333333335]]",False,False,True,,,735416.411436223,7,"{'tau': array([[20.        ,  3.33333333],
       [20.        ,  3.33333333]]), 'signaled': 0, 'sigma': 10, 'Hset': array([[0.05, 0.3 ],
       [0.05, 0.3 ]])}",True,True,34.5,28.5,64.5,28.5
PH1:data2_practice,PH1,2,True,data/Glaze_Triangles/data_2AFC/raw_data/data_PH1.mat,data2_practice,f,120,120,120,mixed,2,10.0,100.0,2,"(60, 60)",,,"[[10.0, 1.1111111111111112], [10.0, 1.1111111111111112]]",False,False,,,,735417.6473282427,7,"{'tau': array([[10.        ,  1.11111111],
       [10.        ,  1.11111111]]), 'signaled': 2, 'sigma': 10, 'Hset': array([[0.1, 0.9],
       [0.1, 0.9]])}",True,True,34.5,28.5,64.5,28.5
PH1:data2,PH1,2,False,data/Glaze_Triangles/data_2AFC/raw_data/data_PH1.mat,data2,f,2000,2000,2000,mixed,2,10.0,100.0,2,"(1000, 1000)","[[0.1, 0.8999999999999999], [0.1, 0.8999999999999999]]","[[0.1, 0.8999999999999999], [0.1, 0.8999999999999999]]","[[10.0, 1.1111111111111112], [10.0, 1.1111111111111112]]",False,False,True,,,735417.6511185691,7,"{'tau': array([[10.        ,  1.11111111],
       [10.        ,  1.11111111]]), 'signaled': 2, 'sigma': 10, 'Hset': array([[0.1, 0.9],
       [0.1, 0.9]])}",True,True,34.5,28.5,64.5,28.5
PH1:data3_practice,PH1,3,True,data/Glaze_Triangles/data_2AFC/raw_data/data_PH1.mat,data3_practice,f,120,120,120,unsignaled,0,10.0,100.0,5,"(24, 24, 24, 24, 24)","[[0.3, 0.1, 0.9, 0.7, 0.5], [0.3, 0.1, 0.9, 0.7, 0.5]]","[[0.3, 0.1, 0.9, 0.7, 0.5], [0.3, 0.1, 0.9, 0.7, 0.5]]",[],False,False,True,,,735418.4615067085,7,"{'tau': array([], dtype=float64), 'signaled': 0, 'sigma': 10, 'Hset': array([[0.3, 0.1, 0.9, 0.7, 0.5],
       [0.3, 0.1, 0.9, 0.7, 0.5]])}",True,True,34.5,28.5,64.5,28.5
PH1:data3,PH1,3,False,data/Glaze_Triangles/data_2AFC/raw_data/data_PH1.mat,data3,f,2000,2000,2000,unsignaled,0,10.0,100.0,5,"(400, 400, 400, 400, 400)","[[0.3, 0.1, 0.9, 0.7, 0.5], [0.3, 0.1, 0.9, 0.7, 0.5]]","[[0.3, 0.1, 0.9, 0.7, 0.5], [0.3, 0.1, 0.9, 0.7, 0.5]]",[],False,False,True,,,735418.4636584027,7,"{'tau': array([], dtype=float64), 'signaled': 0, 'sigma': 10, 'Hset': array([[0.3, 0.1, 0.9, 0.7, 0.5],
       [0.3, 0.1, 0.9, 0.7, 0.5]])}",True,True,34.5,28.5,64.5,28.5
PH1:data4_practice,PH1,4,True,data/Glaze_Triangles/data_2AFC/raw_data/data_PH1.mat,data4_practice,f,120,120,120,unsignaled,0,12.24744871391589,150.0,5,"(24, 24, 24, 24, 24)","[[0.7, 0.9, 0.3, 0.5, 0.1], [0.7, 0.9, 0.3, 0.5, 0.1]]","[[0.7, 0.9, 0.3, 0.5, 0.1], [0.7, 0.9, 0.3, 0.5, 0.1]]",[],False,False,True,,,735418.6481331522,7,"{'tau': array([], dtype=float64), 'signaled': 0, 'sigma': 12.24744871391589, 'Hset': array([[0.7, 0.9, 0.3, 0.5, 0.1],
       [0.7, 0.9, 0.3, 0.5, 0.1]])}",True,True,34.5,28.5,64.5,28.5
PH1:data4,PH1,4,False,data/Glaze_Triangles/data_2AFC/raw_data/data_PH1.mat,data4,f,2000,2000,2000,unsignaled,0,12.24744871391589,150.0,5,"(400, 400, 400, 400, 400)","[[0.7, 0.9, 0.3, 0.5, 0.1], [0.7, 0.9, 0.3, 0.5, 0.1]]","[[0.7, 0.9, 0.3, 0.5, 0.1], [0.7, 0.9, 0.3, 0.5, 0.1]]",[],False,False,True,,,735418.6503905794,7,"{'tau': array([], dtype=float64), 'signaled': 0, 'sigma': 12.24744871391589, 'Hset': array([[0.7, 0.9, 0.3, 0.5, 0.1],
       [0.7, 0.9, 0.3, 0.5, 0.1]])}",True,True,34.5,28.5,64.5,28.5
PH1:data5_practice,PH1,5,True,data/Glaze_Triangles/data_2AFC/raw_data/data_PH1.mat,data5_practice,f,120,120,120,signaled,1,10.0,100.0,2,"(60, 60)","[[0.3, 0.7], [0.3, 0.7]]","[[0.3, 0.7], [0.3, 0.7]]",[],False,False,True,,,735424.4609478456,7,"{'tau': array([], dtype=float64), 'signaled': 1, 'sigma': 10, 'Hset': array([[0.3, 0.7],
       [0.3, 0.7]])}",True,True,34.5,28.5,64.5,28.5
PH1:data5,PH1,5,False,data/Glaze_Triangles/data_2AFC/raw_data/data_PH1.mat,data5,f,2000,2000,2000,signaled,1,10.0,100.0,2,"(1000, 1000)","[[0.3, 0.7], [0.3, 0.7]]","[[0.3, 0.7], [0.3, 0.7]]",[],False,False,True,,,735424.4636847031,7,"{'tau': array([], dtype=float64), 'signaled': 1, 'sigma': 10, 'Hset': array([[0.3, 0.7],
       [0.3, 0.7]])}",True,True,34.5,28.5,64.5,28.5
PH1:data6_practice,PH1,6,True,data/Glaze_Triangles/data_2AFC/raw_data/data_PH1.mat,data6_practice,f,120,120,120,mixed,2,12.24744871391589,150.0,2,"(60, 60)","[[0.9, 0.05], [0.9, 0.05]]","[[0.9, 0.05], [0.9, 0.05]]",[],False,False,True,2.0,20.0,735425.4627171131,7,"{'tau': array([], dtype=float64), 'signaled': 2, 'sigma': 12.24744871391589, 'Hset': array([[0.9 , 0.05],
       [0.9 , 0.05]])}",True,True,34.5,28.5,64.5,28.5
PH1:data6,PH1,6,False,data/Glaze_Triangles/data_2AFC/raw_data/data_PH1.mat,data6,f,2000,2000,2000,mixed,2,12.24744871391589,150.0,2,"(1000, 1000)","[[0.9, 0.05], [0.9, 0.05]]","[[0.9, 0.05], [0.9, 0.05]]",[],False,False,True,2.0,20.0,735425.4650192051,7,"{'tau': array([], dtype=float64), 'signaled': 2, 'sigma': 12.24744871391589, 'Hset': array([[0.9 , 0.05],
       [0.9 , 0.05]])}",True,True,34.5,28.5,64.5,28.5
RC:data1,RC,1,False,data/Glaze_Triangles/data_2AFC/raw_data/data_RC.mat,data1,f,2000,2000,2000,signaled,1,10.0,100.0,5,"(400, 400, 400, 400, 400)","[[0.3, 0.8999999999999999, 0.7, 0.5, 0.1], [0.3, 0.8999999999999999, 0.7, 0.5, 0.1]]","[[0.3, 0.8999999999999999, 0.7, 0.5, 0.1], [0.3, 0.8999999999999999, 0.7, 0.5, 0.1]]","[[3.3333333333333335, 1.1111111111111112, 1.4285714285714286, 2.0, 10.0], [3.3333333333333335, 1.1111111111111112, 1.4285714285714286, 2.0, 10.0]]",False,False,True,,,,7,"{'tau': array([[ 3.33333333,  1.11111111,  1.42857143,  2.        , 10.        ],
       [ 3.33333333,  1.11111111,  1.42857143,  2.        , 10.        ]]), 'signaled': 1, 'sigma': 10, 'Hset': array([[0.3, 0.9, 0.7, 0.5, 0.1],
       [0.3, 0.9, 0.7, 0.5, 0.1]])}",True,True,34.5,27.5,64.5,27.5
RC:data2,RC,2,False,data/Glaze_Triangles/data_2AFC/raw_data/data_RC.mat,data2,f,2000,2000,2000,signaled,1,12.24744871391589,150.0,5,"(400, 400, 400, 400, 400)","[[0.8999999999999999, 0.5, 0.1, 0.3, 0.7], [0.8999999999999999, 0.5, 0.1, 0.3, 0.7]]","[[0.8999999999999999, 0.5, 0.1, 0.3, 0.7], [0.8999999999999999, 0.5, 0.1, 0.3, 0.7]]","[[1.1111111111111112, 2.0, 10.0, 3.3333333333333335, 1.4285714285714286], [1.1111111111111112, 2.0, 10.0, 3.3333333333333335, 1.4285714285714286]]",False,False,True,,,,7,"{'tau': array([[ 1.11111111,  2.        , 10.        ,  3.33333333,  1.42857143],
       [ 1.11111111,  2.        , 10.        ,  3.33333333,  1.42857143]]), 'signaled': 1, 'sigma': 12.24744871391589, 'Hset': array([[0.9, 0.5, 0.1, 0.3, 0.7],
       [0.9, 0.5, 0.1, 0.3, 0.7]])}",True,True,34.5,27.5,64.5,27.5
RC:data3,RC,3,False,data/Glaze_Triangles/data_2AFC/raw_data/data_RC.mat,data3,f,2000,2000,2000,unsignaled,0,10.0,100.0,5,"(400, 400, 400, 400, 400)","[[0.5, 0.8999999999999999, 0.7, 0.3, 0.1], [0.5, 0.8999999999999999, 0.7, 0.3, 0.1]]","[[0.5, 0.8999999999999999, 0.7, 0.3, 0.1], [0.5, 0.8999999999999999, 0.7, 0.3, 0.1]]","[[2.0, 1.1111111111111112, 1.4285714285714286, 3.3333333333333335, 10.0], [2.0, 1.1111111111111112, 1.4285714285714286, 3.3333333333333335, 10.0]]",False,False,True,,,,7,"{'tau': array([[ 2.        ,  1.11111111,  1.42857143,  3.33333333, 10.        ],
       [ 2.        ,  1.11111111,  1.42857143,  3.33333333, 10.        ]]), 'signaled': 0, 'sigma': 10, 'Hset': array([[0.5, 0.9, 0.7, 0.3, 0.1],
       [0.5, 0.9, 0.7, 0.3, 0.1]])}",True,True,34.5,27.5,64.5,27.5
RC:data4,RC,4,False,data/Glaze_Triangles/data_2AFC/raw_data/data_RC.mat,data4,f,2000,2000,2000,unsignaled,0,10.0,100.0,2,"(1000, 1000)","[[0.05, 0.9500000000000001], [0.05, 0.9500000000000001]]","[[0.05, 0.9500000000000001], [0.05, 0.9500000000000001]]","[[20.0, 1.0526315789473684], [20.0, 1.0526315789473684]]",False,False,True,,,,7,"{'tau': array([[20.        ,  1.05263158],
       [20.        ,  1.05263158]]), 'signaled': 0, 'sigma': 10, 'Hset': array([[0.05, 0.95],
       [0.05, 0.95]])}",True,True,34.5,27.0,64.5,27.0
RC:data5_practice,RC,5,True,data/Glaze_Triangles/data_2AFC/raw_data/data_RC.mat,data5_practice,f,120,120,120,mixed,2,12.24744871391589,150.0,2,"(60, 60)",,,"[[0.05, 0.7], [0.05, 0.7]]",True,False,,,,735416.460577534,7,"{'tau': array([[0.05, 0.7 ],
       [0.05, 0.7 ]]), 'signaled': 2, 'sigma': 12.24744871391589, 'Hset': array([[20.        ,  1.42857143],
       [20.        ,  1.42857143]])}",True,True,34.5,28.5,64.5,28.5
RC:data5,RC,5,False,data/Glaze_Triangles/data_2AFC/raw_data/data_RC.mat,data5,f,2000,2000,2000,mixed,2,12.24744871391589,150.0,2,"(1000, 1000)","[[20.0, 1.4285714285714286], [20.0, 1.4285714285714286]]","[[0.05, 0.7], [0.05, 0.7]]","[[0.05, 0.7], [0.05, 0.7]]",True,True,True,,,735416.4625202484,7,"{'tau': array([[0.05, 0.7 ],
       [0.05, 0.7 ]]), 'signaled': 2, 'sigma': 12.24744871391589, 'Hset': array([[20.        ,  1.42857143],
       [20.        ,  1.42857143]])}",True,True,34.5,28.5,64.5,28.5
RC:data6_practice,RC,6,True,data/Glaze_Triangles/data_2AFC/raw_data/data_RC.mat,data6_practice,f,120,120,120,mixed,2,12.24744871391589,150.0,2,"(60, 60)",,,"[[3.3333333333333335, 10.0], [3.3333333333333335, 10.0]]",False,False,,,,735417.4019849136,7,"{'tau': array([[ 3.33333333, 10.        ],
       [ 3.33333333, 10.        ]]), 'signaled': 2, 'sigma': 12.24744871391589, 'Hset': array([[0.3, 0.1],
       [0.3, 0.1]])}",True,True,34.5,28.5,64.5,28.5
RC:data6,RC,6,False,data/Glaze_Triangles/data_2AFC/raw_data/data_RC.mat,data6,f,2000,2000,2000,mixed,2,12.24744871391589,150.0,2,"(1000, 1000)","[[0.3, 0.1], [0.3, 0.1]]","[[0.3, 0.1], [0.3, 0.1]]","[[3.3333333333333335, 10.0], [3.3333333333333335, 10.0]]",False,False,True,,,735417.4040212365,7,"{'tau': array([[ 3.33333333, 10.        ],
       [ 3.33333333, 10.        ]]), 'signaled': 2, 'sigma': 12.24744871391589, 'Hset': array([[0.3, 0.1],
       [0.3, 0.1]])}",True,True,34.5,28.5,64.5,28.5
RL1:data1_practice,RL1,1,True,data/Glaze_Triangles/data_2AFC/raw_data/data_RL1.mat,data1_practice,m,120,120,120,mixed,2,7.0710678118654755,50.00000000000001,2,"(60, 60)","[[0.05, 0.7], [0.05, 0.7]]","[[0.05, 0.7], [0.05, 0.7]]",[],False,False,True,1.0,20.0,735444.5908088543,4,"{'sigma': 7.0710678118654755, 'signaled': 2, 'Hset': array([[0.05, 0.7 ],
       [0.05, 0.7 ]]), 'reward': 1, 'penalty': 20}",True,True,34.5,28.5,64.5,28.5
RL1:data1,RL1,1,False,data/Glaze_Triangles/data_2AFC/raw_data/data_RL1.mat,data1,m,2000,2000,2000,mixed,2,7.0710678118654755,50.00000000000001,2,"(1000, 1000)","[[0.05, 0.7], [0.05, 0.7]]","[[0.05, 0.7], [0.05, 0.7]]",[],False,False,True,1.0,20.0,735444.5945714938,4,"{'sigma': 7.0710678118654755, 'signaled': 2, 'Hset': array([[0.05, 0.7 ],
       [0.05, 0.7 ]]), 'reward': 1, 'penalty': 20}",True,True,34.5,28.5,64.5,28.5
RL1:data2_practice,RL1,2,True,data/Glaze_Triangles/data_2AFC/raw_data/data_RL1.mat,data2_practice,m,120,120,120,signaled,1,7.0710678118654755,50.00000000000001,2,"(60, 60)","[[0.3, 0.05], [0.3, 0.05]]","[[0.3, 0.05], [0.3, 0.05]]",[],False,False,True,1.0,20.0,735446.5857344178,4,"{'sigma': 7.0710678118654755, 'signaled': 1, 'Hset': array([[0.3 , 0.05],
       [0.3 , 0.05]]), 'reward': 1, 'penalty': 20}",True,True,34.5,28.5,64.5,28.5
RL1:data2,RL1,2,False,data/Glaze_Triangles/data_2AFC/raw_data/data_RL1.mat,data2,m,2000,2000,2000,signaled,1,7.0710678118654755,50.00000000000001,2,"(1000, 1000)","[[0.3, 0.05], [0.3, 0.05]]","[[0.3, 0.05], [0.3, 0.05]]",[],False,False,True,1.0,20.0,735446.5899143729,4,"{'sigma': 7.0710678118654755, 'signaled': 1, 'Hset': array([[0.3 , 0.05],
       [0.3 , 0.05]]), 'reward': 1, 'penalty': 20}",True,True,34.5,28.5,64.5,28.5
RL1:data3_practice,RL1,3,True,data/Glaze_Triangles/data_2AFC/raw_data/data_RL1.mat,data3_practice,m,120,120,120,unsignaled,0,7.0710678118654755,50.00000000000001,5,"(24, 24, 24, 24, 24)","[[0.7, 0.5, 0.1, 0.3, 0.9], [0.7, 0.5, 0.1, 0.3, 0.9]]","[[0.7, 0.5, 0.1, 0.3, 0.9], [0.7, 0.5, 0.1, 0.3, 0.9]]",[],False,False,True,1.0,20.0,735447.5872889853,4,"{'sigma': 7.0710678118654755, 'signaled': 0, 'Hset': array([[0.7, 0.5, 0.1, 0.3, 0.9],
       [0.7, 0.5, 0.1, 0.3, 0.9]]), 'reward': 1, 'penalty': 20}",True,True,34.5,28.5,64.5,28.5
RL1:data3,RL1,3,False,data/Glaze_Triangles/data_2AFC/raw_data/data_RL1.mat,data3,m,2000,2000,2000,unsignaled,0,7.0710678118654755,50.00000000000001,5,"(400, 400, 400, 400, 400)","[[0.7, 0.5, 0.1, 0.3, 0.9], [0.7, 0.5, 0.1, 0.3, 0.9]]","[[0.7, 0.5, 0.1, 0.3, 0.9], [0.7, 0.5, 0.1, 0.3, 0.9]]",[],False,False,True,1.0,20.0,735447.5893772712,4,"{'sigma': 7.0710678118654755, 'signaled': 0, 'Hset': array([[0.7, 0.5, 0.1, 0.3, 0.9],
       [0.7, 0.5, 0.1, 0.3, 0.9]]), 'reward': 1, 'penalty': 20}",True,True,34.5,28.5,64.5,28.5
RP1:data1_practice,RP1,1,True,data/Glaze_Triangles/data_2AFC/raw_data/data_RP1.mat,data1_practice,m,120,120,120,signaled,1,10.0,100.0,5,"(24, 24, 24, 24, 24)","[[0.1, 0.5, 0.7, 0.9, 0.3], [0.1, 0.5, 0.7, 0.9, 0.3]]","[[0.1, 0.5, 0.7, 0.9, 0.3], [0.1, 0.5, 0.7, 0.9, 0.3]]",[],False,False,True,1.0,20.0,735430.459412306,6,"{'sigma': 10, 'signaled': 1, 'Hset': array([[0.1, 0.5, 0.7, 0.9, 0.3],
       [0.1, 0.5, 0.7, 0.9, 0.3]]), 'reward': 1, 'penalty': 20}",True,True,34.5,28.5,64.5,28.5
RP1:data1,RP1,1,False,data/Glaze_Triangles/data_2AFC/raw_data/data_RP1.mat,data1,m,2000,2000,2000,signaled,1,10.0,100.0,5,"(400, 400, 400, 400, 400)","[[0.1, 0.5, 0.7, 0.9, 0.3], [0.1, 0.5, 0.7, 0.9, 0.3]]","[[0.1, 0.5, 0.7, 0.9, 0.3], [0.1, 0.5, 0.7, 0.9, 0.3]]",[],False,False,True,1.0,20.0,735430.4627194748,6,"{'sigma': 10, 'signaled': 1, 'Hset': array([[0.1, 0.5, 0.7, 0.9, 0.3],
       [0.1, 0.5, 0.7, 0.9, 0.3]]), 'reward': 1, 'penalty': 20}",True,True,34.5,28.5,64.5,28.5
RP1:data2_practice,RP1,2,True,data/Glaze_Triangles/data_2AFC/raw_data/data_RP1.mat,data2_practice,m,120,120,120,mixed,2,10.0,100.0,2,"(60, 60)","[[0.7, 0.3], [0.7, 0.3]]","[[0.7, 0.3], [0.7, 0.3]]",[],False,False,True,1.0,20.0,735431.4635802096,6,"{'sigma': 10, 'signaled': 2, 'Hset': array([[0.7, 0.3],
       [0.7, 0.3]]), 'reward': 1, 'penalty': 20}",True,True,34.5,28.5,64.5,28.5
RP1:data2,RP1,2,False,data/Glaze_Triangles/data_2AFC/raw_data/data_RP1.mat,data2,m,2000,2000,2000,mixed,2,10.0,100.0,2,"(1000, 1000)","[[0.7, 0.3], [0.7, 0.3]]","[[0.7, 0.3], [0.7, 0.3]]",[],False,False,True,1.0,20.0,735431.4660766993,6,"{'sigma': 10, 'signaled': 2, 'Hset': array([[0.7, 0.3],
       [0.7, 0.3]]), 'reward': 1, 'penalty': 20}",True,True,34.5,28.5,64.5,28.5
RP1:data3_practice,RP1,3,True,data/Glaze_Triangles/data_2AFC/raw_data/data_RP1.mat,data3_practice,m,120,120,120,unsignaled,0,10.0,100.0,2,"(60, 60)","[[0.1, 0.9], [0.1, 0.9]]","[[0.1, 0.9], [0.1, 0.9]]",[],False,False,True,1.0,20.0,735432.4632202599,6,"{'sigma': 10, 'signaled': 0, 'Hset': array([[0.1, 0.9],
       [0.1, 0.9]]), 'reward': 1, 'penalty': 20}",True,True,34.5,28.5,64.5,28.5
RP1:data3,RP1,3,False,data/Glaze_Triangles/data_2AFC/raw_data/data_RP1.mat,data3,m,2000,2000,2000,unsignaled,0,10.0,100.0,2,"(1000, 1000)","[[0.1, 0.9], [0.1, 0.9]]","[[0.1, 0.9], [0.1, 0.9]]",[],False,False,True,1.0,20.0,735432.4651417468,6,"{'sigma': 10, 'signaled': 0, 'Hset': array([[0.1, 0.9],
       [0.1, 0.9]]), 'reward': 1, 'penalty': 20}",True,True,34.5,28.5,64.5,28.5
RP1:data4_practice,RP1,4,True,data/Glaze_Triangles/data_2AFC/raw_data/data_RP1.mat,data4_practice,m,120,120,120,signaled,1,7.0710678118654755,50.00000000000001,5,"(24, 24, 24, 24, 24)","[[0.1, 0.5, 0.3, 0.9, 0.7], [0.1, 0.5, 0.3, 0.9, 0.7]]","[[0.1, 0.5, 0.3, 0.9, 0.7], [0.1, 0.5, 0.3, 0.9, 0.7]]",[],False,False,True,1.0,20.0,735433.5246056227,6,"{'sigma': 7.0710678118654755, 'signaled': 1, 'Hset': array([[0.1, 0.5, 0.3, 0.9, 0.7],
       [0.1, 0.5, 0.3, 0.9, 0.7]]), 'reward': 1, 'penalty': 20}",True,True,34.5,28.5,64.5,28.5
RP1:data4,RP1,4,False,data/Glaze_Triangles/data_2AFC/raw_data/data_RP1.mat,data4,m,2000,2000,2000,signaled,1,7.0710678118654755,50.00000000000001,5,"(400, 400, 400, 400, 400)","[[0.1, 0.5, 0.3, 0.9, 0.7], [0.1, 0.5, 0.3, 0.9, 0.7]]","[[0.1, 0.5, 0.3, 0.9, 0.7], [0.1, 0.5, 0.3, 0.9, 0.7]]",[],False,False,True,1.0,20.0,735433.5272823207,6,"{'sigma': 7.0710678118654755, 'signaled': 1, 'Hset': array([[0.1, 0.5, 0.3, 0.9, 0.7],
       [0.1, 0.5, 0.3, 0.9, 0.7]]), 'reward': 1, 'penalty': 20}",True,True,34.5,28.5,64.5,28.5
RP1:data5_practice,RP1,5,True,data/Glaze_Triangles/data_2AFC/raw_data/data_RP1.mat,data5_practice,m,120,120,120,unsignaled,0,7.0710678118654755,50.00000000000001,2,"(60, 60)","[[0.05, 0.7], [0.05, 0.7]]","[[0.05, 0.7], [0.05, 0.7]]",[],False,False,True,1.0,20.0,735434.519590846,6,"{'sigma': 7.0710678118654755, 'signaled': 0, 'Hset': array([[0.05, 0.7 ],
       [0.05, 0.7 ]]), 'reward': 1, 'penalty': 20}",True,True,34.5,28.5,64.5,28.5
RP1:data5,RP1,5,False,data/Glaze_Triangles/data_2AFC/raw_data/data_RP1.mat,data5,m,2000,2000,2000,unsignaled,0,7.0710678118654755,50.00000000000001,2,"(1000, 1000)","[[0.05, 0.7], [0.05, 0.7]]","[[0.05, 0.7], [0.05, 0.7]]",[],False,False,True,1.0,20.0,735434.5217881155,6,"{'sigma': 7.0710678118654755, 'signaled': 0, 'Hset': array([[0.05, 0.7 ],
       [0.05, 0.7 ]]), 'reward': 1, 'penalty': 20}",True,True,34.5,28.5,64.5,28.5
RS1:data1_practice,RS1,1,True,data/Glaze_Triangles/data_2AFC/raw_data/data_RS1.mat,data1_practice,m,120,120,120,signaled,1,12.24744871391589,150.0,2,"(60, 60)",,,"[[20, 10], [20, 10]]",False,False,,,,735417.3386687688,4,"{'tau': array([[20, 10],
       [20, 10]], dtype=uint8), 'sigma': 12.24744871391589, 'signaled': 1, 'Hset': array([[0.05, 0.1 ],
       [0.05, 0.1 ]])}",True,True,34.5,28.5,64.5,28.5
RS1:data1,RS1,1,False,data/Glaze_Triangles/data_2AFC/raw_data/data_RS1.mat,data1,m,2000,2000,2000,signaled,1,12.24744871391589,150.0,2,"(1000, 1000)","[[0.05, 0.1], [0.05, 0.1]]","[[0.05, 0.1], [0.05, 0.1]]","[[20, 10], [20, 10]]",False,False,True,,,735417.3423227943,4,"{'tau': array([[20, 10],
       [20, 10]], dtype=uint8), 'sigma': 12.24744871391589, 'signaled': 1, 'Hset': array([[0.05, 0.1 ],
       [0.05, 0.1 ]])}",True,True,34.5,28.5,64.5,28.5
RS1:data2_practice,RS1,2,True,data/Glaze_Triangles/data_2AFC/raw_data/data_RS1.mat,data2_practice,m,120,120,120,unsignaled,0,12.24744871391589,150.0,5,"(24, 24, 24, 24, 24)","[[0.5, 0.7, 0.9, 0.3, 0.1], [0.5, 0.7, 0.9, 0.3, 0.1]]","[[0.5, 0.7, 0.9, 0.3, 0.1], [0.5, 0.7, 0.9, 0.3, 0.1]]",[],False,False,True,,,735418.3401373619,4,"{'tau': array([], dtype=float64), 'sigma': 12.24744871391589, 'signaled': 0, 'Hset': array([[0.5, 0.7, 0.9, 0.3, 0.1],
       [0.5, 0.7, 0.9, 0.3, 0.1]])}",True,True,34.5,28.5,64.5,28.5
RS1:data2,RS1,2,False,data/Glaze_Triangles/data_2AFC/raw_data/data_RS1.mat,data2,m,2000,2000,2000,unsignaled,0,12.24744871391589,150.0,5,"(400, 400, 400, 400, 400)","[[0.5, 0.7, 0.9, 0.3, 0.1], [0.5, 0.7, 0.9, 0.3, 0.1]]","[[0.5, 0.7, 0.9, 0.3, 0.1], [0.5, 0.7, 0.9, 0.3, 0.1]]",[],False,False,True,,,735418.3426005117,4,"{'tau': array([], dtype=float64), 'sigma': 12.24744871391589, 'signaled': 0, 'Hset': array([[0.5, 0.7, 0.9, 0.3, 0.1],
       [0.5, 0.7, 0.9, 0.3, 0.1]])}",True,True,34.5,28.5,64.5,28.5
RS1:data3_practice,RS1,3,True,data/Glaze_Triangles/data_2AFC/raw_data/data_RS1.mat,data3_practice,m,120,120,120,unsignaled,0,10.0,100.0,2,"(60, 60)","[[0.95, 0.7], [0.95, 0.7]]","[[0.95, 0.7], [0.95, 0.7]]",[],False,False,True,2.0,20.0,735431.3534872609,4,"{'tau': array([], dtype=float64), 'sigma': 10, 'signaled': 0, 'Hset': array([[0.95, 0.7 ],
       [0.95, 0.7 ]])}",True,True,34.5,28.5,64.5,28.5
RS1:data3,RS1,3,False,data/Glaze_Triangles/data_2AFC/raw_data/data_RS1.mat,data3,m,2000,2000,2000,unsignaled,0,10.0,100.0,2,"(1000, 1000)","[[0.95, 0.7], [0.95, 0.7]]","[[0.95, 0.7], [0.95, 0.7]]",[],False,False,True,2.0,20.0,735431.3554457272,4,"{'tau': array([], dtype=float64), 'sigma': 10, 'signaled': 0, 'Hset': array([[0.95, 0.7 ],
       [0.95, 0.7 ]])}",True,True,34.5,28.5,64.5,28.5
SD:data1,SD,1,False,data/Glaze_Triangles/data_2AFC/raw_data/data_SD.mat,data1,f,2000,2000,2000,signaled,1,10.0,100.0,5,"(400, 400, 400, 400, 400)","[[0.1, 0.3, 0.5, 0.7, 0.8999999999999999], [0.1, 0.3, 0.5, 0.7, 0.8999999999999999]]","[[0.1, 0.3, 0.5, 0.7, 0.8999999999999999], [0.1, 0.3, 0.5, 0.7, 0.8999999999999999]]","[[10.0, 3.3333333333333335, 2.0, 1.4285714285714286, 1.1111111111111112], [10.0, 3.3333333333333335, 2.0, 1.4285714285714286, 1.1111111111111112]]",False,False,True,,,,5,"{'tau': array([[10.        ,  3.33333333,  2.        ,  1.42857143,  1.11111111],
       [10.        ,  3.33333333,  2.        ,  1.42857143,  1.11111111]]), 'signaled': 1, 'sigma': 10, 'Hset': array([[0.1, 0.3, 0.5, 0.7, 0.9],
       [0.1, 0.3, 0.5, 0.7, 0.9]])}",True,True,34.5,27.0,64.5,27.0
SD:data2,SD,2,False,data/Glaze_Triangles/data_2AFC/raw_data/data_SD.mat,data2,f,2000,2000,2000,signaled,1,12.24744871391589,150.0,5,"(400, 400, 400, 400, 400)","[[0.7, 0.1, 0.3, 0.5, 0.8999999999999999], [0.7, 0.1, 0.3, 0.5, 0.8999999999999999]]","[[0.7, 0.1, 0.3, 0.5, 0.8999999999999999], [0.7, 0.1, 0.3, 0.5, 0.8999999999999999]]","[[1.4285714285714286, 10.0, 3.3333333333333335, 2.0, 1.1111111111111112], [1.4285714285714286, 10.0, 3.3333333333333335, 2.0, 1.1111111111111112]]",False,False,True,,,,5,"{'tau': array([[ 1.42857143, 10.        ,  3.33333333,  2.        ,  1.11111111],
       [ 1.42857143, 10.        ,  3.33333333,  2.        ,  1.11111111]]), 'signaled': 1, 'sigma': 12.24744871391589, 'Hset': array([[0.7, 0.1, 0.3, 0.5, 0.9],
       [0.7, 0.1, 0.3, 0.5, 0.9]])}",True,True,34.5,27.5,64.5,27.5
SD:data3,SD,3,False,data/Glaze_Triangles/data_2AFC/raw_data/data_SD.mat,data3,f,2000,2000,2000,mixed,2,12.24744871391589,150.0,2,"(1000, 1000)","[[0.1, 0.8999999999999999], [0.1, 0.8999999999999999]]","[[0.1, 0.8999999999999999], [0.1, 0.8999999999999999]]","[[10.0, 1.1111111111111112], [10.0, 1.1111111111111112]]",False,False,True,,,,5,"{'tau': array([[10.        ,  1.11111111],
       [10.        ,  1.11111111]]), 'signaled': 2, 'sigma': 12.24744871391589, 'Hset': array([[0.1, 0.9],
       [0.1, 0.9]])}",True,True,34.5,27.5,64.5,27.5
SD:data4,SD,4,False,data/Glaze_Triangles/data_2AFC/raw_data/data_SD.mat,data4,f,2000,2000,2000,mixed,2,10.0,100.0,2,"(1000, 1000)","[[0.05, 0.1], [0.05, 0.1]]","[[0.05, 0.1], [0.05, 0.1]]","[[20, 10], [20, 10]]",False,False,True,,,,5,"{'tau': array([[20, 10],
       [20, 10]], dtype=uint8), 'signaled': 2, 'sigma': 10, 'Hset': array([[0.05, 0.1 ],
       [0.05, 0.1 ]])}",True,True,34.5,27.0,64.5,27.0
SH1:data1_practice,SH1,1,True,data/Glaze_Triangles/data_2AFC/raw_data/data_SH1.mat,data1_practice,f,120,120,120,mixed,2,7.0710678118654755,50.00000000000001,2,"(60, 60)","[[0.7, 0.05], [0.7, 0.05]]","[[0.7, 0.05], [0.7, 0.05]]",[],False,False,True,1.0,20.0,735447.5250383525,5,"{'sigma': 7.0710678118654755, 'signaled': 2, 'Hset': array([[0.7 , 0.05],
       [0.7 , 0.05]]), 'reward': 1, 'penalty': 20}",True,True,34.5,28.5,64.5,28.5
SH1:data1,SH1,1,False,data/Glaze_Triangles/data_2AFC/raw_data/data_SH1.mat,data1,f,2000,2000,2000,mixed,2,7.0710678118654755,50.00000000000001,2,"(1000, 1000)","[[0.7, 0.05], [0.7, 0.05]]","[[0.7, 0.05], [0.7, 0.05]]",[],False,False,True,1.0,20.0,735447.5286814178,5,"{'sigma': 7.0710678118654755, 'signaled': 2, 'Hset': array([[0.7 , 0.05],
       [0.7 , 0.05]]), 'reward': 1, 'penalty': 20}",True,True,34.5,28.5,64.5,28.5
SH1:data2_practice,SH1,2,True,data/Glaze_Triangles/data_2AFC/raw_data/data_SH1.mat,data2_practice,f,120,120,120,signaled,1,7.0710678118654755,50.00000000000001,5,"(24, 24, 24, 24, 24)","[[0.7, 0.3, 0.9, 0.1, 0.5], [0.7, 0.3, 0.9, 0.1, 0.5]]","[[0.7, 0.3, 0.9, 0.1, 0.5], [0.7, 0.3, 0.9, 0.1, 0.5]]",[],False,False,True,1.0,20.0,735452.352447003,5,"{'sigma': 7.0710678118654755, 'signaled': 1, 'Hset': array([[0.7, 0.3, 0.9, 0.1, 0.5],
       [0.7, 0.3, 0.9, 0.1, 0.5]]), 'reward': 1, 'penalty': 20}",True,True,34.5,28.5,64.5,28.5
SH1:data2,SH1,2,False,data/Glaze_Triangles/data_2AFC/raw_data/data_SH1.mat,data2,f,2000,2000,2000,signaled,1,7.0710678118654755,50.00000000000001,5,"(400, 400, 400, 400, 400)","[[0.7, 0.3, 0.9, 0.1, 0.5], [0.7, 0.3, 0.9, 0.1, 0.5]]","[[0.7, 0.3, 0.9, 0.1, 0.5], [0.7, 0.3, 0.9, 0.1, 0.5]]",[],False,False,True,1.0,20.0,735452.3563267912,5,"{'sigma': 7.0710678118654755, 'signaled': 1, 'Hset': array([[0.7, 0.3, 0.9, 0.1, 0.5],
       [0.7, 0.3, 0.9, 0.1, 0.5]]), 'reward': 1, 'penalty': 20}",True,True,34.5,28.5,64.5,28.5
SH1:data3_practice,SH1,3,True,data/Glaze_Triangles/data_2AFC/raw_data/data_SH1.mat,data3_practice,f,120,120,120,unsignaled,0,7.0710678118654755,50.00000000000001,2,"(60, 60)","[[0.05, 0.9], [0.05, 0.9]]","[[0.05, 0.9], [0.05, 0.9]]",[],False,False,True,1.0,20.0,735453.3549118818,5,"{'sigma': 7.0710678118654755, 'signaled': 0, 'Hset': array([[0.05, 0.9 ],
       [0.05, 0.9 ]]), 'reward': 1, 'penalty': 20}",True,True,34.5,28.5,64.5,28.5
SH1:data3,SH1,3,False,data/Glaze_Triangles/data_2AFC/raw_data/data_SH1.mat,data3,f,2000,2000,2000,unsignaled,0,7.0710678118654755,50.00000000000001,2,"(1000, 1000)","[[0.05, 0.9], [0.05, 0.9]]","[[0.05, 0.9], [0.05, 0.9]]",[],False,False,True,1.0,20.0,735453.3568147202,5,"{'sigma': 7.0710678118654755, 'signaled': 0, 'Hset': array([[0.05, 0.9 ],
       [0.05, 0.9 ]]), 'reward': 1, 'penalty': 20}",True,True,34.5,28.5,64.5,28.5
SH1:data4_practice,SH1,4,True,data/Glaze_Triangles/data_2AFC/raw_data/data_SH1.mat,data4_practice,f,120,120,120,mixed,2,10.0,100.0,2,"(60, 60)","[[0.7, 0.95], [0.7, 0.95]]","[[0.7, 0.95], [0.7, 0.95]]",[],False,False,True,1.0,20.0,735454.3480262021,5,"{'sigma': 10, 'signaled': 2, 'Hset': array([[0.7 , 0.95],
       [0.7 , 0.95]]), 'reward': 1, 'penalty': 20}",True,True,34.5,28.5,64.5,28.5
SH1:data4,SH1,4,False,data/Glaze_Triangles/data_2AFC/raw_data/data_SH1.mat,data4,f,2000,2000,2000,mixed,2,10.0,100.0,2,"(1000, 1000)","[[0.7, 0.95], [0.7, 0.95]]","[[0.7, 0.95], [0.7, 0.95]]",[],False,False,True,1.0,20.0,735454.351213834,5,"{'sigma': 10, 'signaled': 2, 'Hset': array([[0.7 , 0.95],
       [0.7 , 0.95]]), 'reward': 1, 'penalty': 20}",True,True,34.5,28.5,64.5,28.5
SK2:data1_practice,SK2,1,True,data/Glaze_Triangles/data_2AFC/raw_data/data_SK2.mat,data1_practice,f,120,120,120,unsignaled,0,12.24744871391589,150.0,2,"(60, 60)","[[0.9, 0.05], [0.9, 0.05]]","[[0.9, 0.05], [0.9, 0.05]]",[],False,False,True,,,735420.5325455874,5,"{'sigma': 12.24744871391589, 'signaled': 0, 'Hset': array([[0.9 , 0.05],
       [0.9 , 0.05]])}",True,True,34.5,28.5,64.5,28.5
SK2:data1,SK2,1,False,data/Glaze_Triangles/data_2AFC/raw_data/data_SK2.mat,data1,f,2000,2000,2000,unsignaled,0,12.24744871391589,150.0,2,"(1000, 1000)","[[0.9, 0.05], [0.9, 0.05]]","[[0.9, 0.05], [0.9, 0.05]]",[],False,False,True,,,735420.53590861,5,"{'sigma': 12.24744871391589, 'signaled': 0, 'Hset': array([[0.9 , 0.05],
       [0.9 , 0.05]])}",True,True,34.5,28.5,64.5,28.5
SK2:data2_practice,SK2,2,True,data/Glaze_Triangles/data_2AFC/raw_data/data_SK2.mat,data2_practice,f,120,120,120,mixed,2,12.24744871391589,150.0,2,"(60, 60)","[[0.9, 0.05], [0.9, 0.05]]","[[0.9, 0.05], [0.9, 0.05]]",[],False,False,True,,,735423.3466986509,5,"{'sigma': 12.24744871391589, 'signaled': 2, 'Hset': array([[0.9 , 0.05],
       [0.9 , 0.05]])}",True,True,34.5,28.5,64.5,28.5
SK2:data2,SK2,2,False,data/Glaze_Triangles/data_2AFC/raw_data/data_SK2.mat,data2,f,2000,2000,2000,mixed,2,12.24744871391589,150.0,2,"(1000, 1000)","[[0.9, 0.05], [0.9, 0.05]]","[[0.9, 0.05], [0.9, 0.05]]",[],False,False,True,,,735423.3504029522,5,"{'sigma': 12.24744871391589, 'signaled': 2, 'Hset': array([[0.9 , 0.05],
       [0.9 , 0.05]])}",True,True,34.5,28.5,64.5,28.5
SK2:data3_practice,SK2,3,True,data/Glaze_Triangles/data_2AFC/raw_data/data_SK2.mat,data3_practice,f,120,120,120,mixed,2,10.0,100.0,2,"(60, 60)","[[0.95, 0.9], [0.95, 0.9]]","[[0.95, 0.9], [0.95, 0.9]]",[],False,False,True,,,735424.3413400998,5,"{'sigma': 10, 'signaled': 2, 'Hset': array([[0.95, 0.9 ],
       [0.95, 0.9 ]])}",True,True,34.5,28.5,64.5,28.5
SK2:data3,SK2,3,False,data/Glaze_Triangles/data_2AFC/raw_data/data_SK2.mat,data3,f,2000,2000,2000,mixed,2,10.0,100.0,2,"(1000, 1000)","[[0.95, 0.9], [0.95, 0.9]]","[[0.95, 0.9], [0.95, 0.9]]",[],False,False,True,,,735424.3441555821,5,"{'sigma': 10, 'signaled': 2, 'Hset': array([[0.95, 0.9 ],
       [0.95, 0.9 ]])}",True,True,34.5,28.5,64.5,28.5
SK2:data4_practice,SK2,4,True,data/Glaze_Triangles/data_2AFC/raw_data/data_SK2.mat,data4_practice,f,120,120,120,unsignaled,0,12.24744871391589,150.0,5,"(24, 24, 24, 24, 24)","[[0.9, 0.3, 0.5, 0.1, 0.7], [0.9, 0.3, 0.5, 0.1, 0.7]]","[[0.9, 0.3, 0.5, 0.1, 0.7], [0.9, 0.3, 0.5, 0.1, 0.7]]",[],False,False,True,2.0,20.0,735425.3380884569,5,"{'sigma': 12.24744871391589, 'signaled': 0, 'Hset': array([[0.9, 0.3, 0.5, 0.1, 0.7],
       [0.9, 0.3, 0.5, 0.1, 0.7]])}",True,True,34.5,28.5,64.5,28.5
SK2:data4,SK2,4,False,data/Glaze_Triangles/data_2AFC/raw_data/data_SK2.mat,data4,f,2000,2000,2000,unsignaled,0,12.24744871391589,150.0,5,"(400, 400, 400, 400, 400)","[[0.9, 0.3, 0.5, 0.1, 0.7], [0.9, 0.3, 0.5, 0.1, 0.7]]","[[0.9, 0.3, 0.5, 0.1, 0.7], [0.9, 0.3, 0.5, 0.1, 0.7]]",[],False,False,True,2.0,20.0,735425.3405099288,5,"{'sigma': 12.24744871391589, 'signaled': 0, 'Hset': array([[0.9, 0.3, 0.5, 0.1, 0.7],
       [0.9, 0.3, 0.5, 0.1, 0.7]])}",True,True,34.5,28.5,64.5,28.5
SL1:data1_practice,SL1,1,True,data/Glaze_Triangles/data_2AFC/raw_data/data_SL1.mat,data1_practice,f,120,120,120,mixed,2,12.24744871391589,150.0,2,"(60, 60)","[[0.3, 0.5], [0.3, 0.5]]","[[0.3, 0.5], [0.3, 0.5]]",[],False,False,True,,,735420.6560143741,7,"{'sigma': 12.24744871391589, 'signaled': 2, 'Hset': array([[0.3, 0.5],
       [0.3, 0.5]])}",True,True,34.5,28.5,64.5,28.5
SL1:data1,SL1,1,False,data/Glaze_Triangles/data_2AFC/raw_data/data_SL1.mat,data1,f,2000,2000,2000,mixed,2,12.24744871391589,150.0,2,"(1000, 1000)","[[0.3, 0.5], [0.3, 0.5]]","[[0.3, 0.5], [0.3, 0.5]]",[],False,False,True,,,735420.6596809146,7,"{'sigma': 12.24744871391589, 'signaled': 2, 'Hset': array([[0.3, 0.5],
       [0.3, 0.5]])}",True,True,34.5,28.5,64.5,28.5
SL1:data2_practice,SL1,2,True,data/Glaze_Triangles/data_2AFC/raw_data/data_SL1.mat,data2_practice,f,120,120,120,unsignaled,0,12.24744871391589,150.0,2,"(60, 60)","[[0.9, 0.95], [0.9, 0.95]]","[[0.9, 0.95], [0.9, 0.95]]",[],False,False,True,2.0,20.0,735426.6012047967,7,"{'sigma': 12.24744871391589, 'signaled': 0, 'Hset': array([[0.9 , 0.95],
       [0.9 , 0.95]])}",True,True,34.5,28.5,64.5,28.5
SL1:data2,SL1,2,False,data/Glaze_Triangles/data_2AFC/raw_data/data_SL1.mat,data2,f,2000,2000,2000,unsignaled,0,12.24744871391589,150.0,2,"(1000, 1000)","[[0.9, 0.95], [0.9, 0.95]]","[[0.9, 0.95], [0.9, 0.95]]",[],False,False,True,2.0,20.0,735426.6029183409,7,"{'sigma': 12.24744871391589, 'signaled': 0, 'Hset': array([[0.9 , 0.95],
       [0.9 , 0.95]])}",True,True,34.5,28.5,64.5,28.5
SL1:data3_practice,SL1,3,True,data/Glaze_Triangles/data_2AFC/raw_data/data_SL1.mat,data3_practice,f,120,120,120,unsignaled,0,12.24744871391589,150.0,5,"(24, 24, 24, 24, 24)","[[0.7, 0.9, 0.5, 0.3, 0.1], [0.7, 0.9, 0.5, 0.3, 0.1]]","[[0.7, 0.9, 0.5, 0.3, 0.1], [0.7, 0.9, 0.5, 0.3, 0.1]]",[],False,False,True,2.0,20.0,735430.5819470795,7,"{'sigma': 12.24744871391589, 'signaled': 0, 'Hset': array([[0.7, 0.9, 0.5, 0.3, 0.1],
       [0.7, 0.9, 0.5, 0.3, 0.1]])}",True,True,34.5,28.5,64.5,28.5
SL1:data3,SL1,3,False,data/Glaze_Triangles/data_2AFC/raw_data/data_SL1.mat,data3,f,2000,2000,2000,unsignaled,0,12.24744871391589,150.0,5,"(400, 400, 400, 400, 400)","[[0.7, 0.9, 0.5, 0.3, 0.1], [0.7, 0.9, 0.5, 0.3, 0.1]]","[[0.7, 0.9, 0.5, 0.3, 0.1], [0.7, 0.9, 0.5, 0.3, 0.1]]",[],False,False,True,2.0,20.0,735430.5839664888,7,"{'sigma': 12.24744871391589, 'signaled': 0, 'Hset': array([[0.7, 0.9, 0.5, 0.3, 0.1],
       [0.7, 0.9, 0.5, 0.3, 0.1]])}",True,True,34.5,28.5,64.5,28.5
SL1:data4_practice,SL1,4,True,data/Glaze_Triangles/data_2AFC/raw_data/data_SL1.mat,data4_practice,f,120,120,120,signaled,1,12.24744871391589,150.0,2,"(60, 60)","[[0.3, 0.1], [0.3, 0.1]]","[[0.3, 0.1], [0.3, 0.1]]",[],False,False,True,2.0,20.0,735431.5006606259,7,"{'sigma': 12.24744871391589, 'signaled': 1, 'Hset': array([[0.3, 0.1],
       [0.3, 0.1]])}",True,True,34.5,28.5,64.5,28.5
SL1:data4,SL1,4,False,data/Glaze_Triangles/data_2AFC/raw_data/data_SL1.mat,data4,f,2000,2000,2000,signaled,1,12.24744871391589,150.0,2,"(1000, 1000)","[[0.3, 0.1], [0.3, 0.1]]","[[0.3, 0.1], [0.3, 0.1]]",[],False,False,True,2.0,20.0,735431.5027697437,7,"{'sigma': 12.24744871391589, 'signaled': 1, 'Hset': array([[0.3, 0.1],
       [0.3, 0.1]])}",True,True,34.5,28.5,64.5,28.5
SL1:data5_practice,SL1,5,True,data/Glaze_Triangles/data_2AFC/raw_data/data_SL1.mat,data5_practice,f,120,120,120,unsignaled,0,10.0,100.0,2,"(60, 60)","[[0.1, 0.95], [0.1, 0.95]]","[[0.1, 0.95], [0.1, 0.95]]",[],False,False,True,2.0,20.0,735437.58252145,7,"{'sigma': 10, 'signaled': 0, 'Hset': array([[0.1 , 0.95],
       [0.1 , 0.95]])}",True,True,34.5,28.5,64.5,28.5
SL1:data5,SL1,5,False,data/Glaze_Triangles/data_2AFC/raw_data/data_SL1.mat,data5,f,2000,2000,2000,unsignaled,0,10.0,100.0,2,"(1000, 1000)","[[0.1, 0.95], [0.1, 0.95]]","[[0.1, 0.95], [0.1, 0.95]]",[],False,False,True,2.0,20.0,735437.5852688251,7,"{'sigma': 10, 'signaled': 0, 'Hset': array([[0.1 , 0.95],
       [0.1 , 0.95]])}",True,True,34.5,28.5,64.5,28.5
SL1:data6_practice,SL1,6,True,data/Glaze_Triangles/data_2AFC/raw_data/data_SL1.mat,data6_practice,f,120,120,120,unsignaled,0,10.0,100.0,5,"(24, 24, 24, 24, 24)","[[0.1, 0.9, 0.5, 0.3, 0.7], [0.1, 0.9, 0.5, 0.3, 0.7]]","[[0.1, 0.9, 0.5, 0.3, 0.7], [0.1, 0.9, 0.5, 0.3, 0.7]]",[],False,False,True,2.0,20.0,735438.6461341257,7,"{'sigma': 10, 'signaled': 0, 'Hset': array([[0.1, 0.9, 0.5, 0.3, 0.7],
       [0.1, 0.9, 0.5, 0.3, 0.7]])}",True,True,34.5,28.5,64.5,28.5
SL1:data6,SL1,6,False,data/Glaze_Triangles/data_2AFC/raw_data/data_SL1.mat,data6,f,2000,2000,2000,unsignaled,0,10.0,100.0,5,"(400, 400, 400, 400, 400)","[[0.1, 0.9, 0.5, 0.3, 0.7], [0.1, 0.9, 0.5, 0.3, 0.7]]","[[0.1, 0.9, 0.5, 0.3, 0.7], [0.1, 0.9, 0.5, 0.3, 0.7]]",[],False,False,True,2.0,20.0,735438.6479174643,7,"{'sigma': 10, 'signaled': 0, 'Hset': array([[0.1, 0.9, 0.5, 0.3, 0.7],
       [0.1, 0.9, 0.5, 0.3, 0.7]])}",True,True,34.5,28.5,64.5,28.5
SS:data1,SS,1,False,data/Glaze_Triangles/data_2AFC/raw_data/data_SS.mat,data1,f,2000,2000,2000,signaled,1,10.0,100.0,5,"(400, 400, 400, 400, 400)","[[0.3, 0.1, 0.8999999999999999, 0.5, 0.7], [0.3, 0.1, 0.8999999999999999, 0.5, 0.7]]","[[0.3, 0.1, 0.8999999999999999, 0.5, 0.7], [0.3, 0.1, 0.8999999999999999, 0.5, 0.7]]","[[3.3333333333333335, 10.0, 1.1111111111111112, 2.0, 1.4285714285714286], [3.3333333333333335, 10.0, 1.1111111111111112, 2.0, 1.4285714285714286]]",False,False,True,,,,5,"{'tau': array([[ 3.33333333, 10.        ,  1.11111111,  2.        ,  1.42857143],
       [ 3.33333333, 10.        ,  1.11111111,  2.        ,  1.42857143]]), 'signaled': 1, 'sigma': 10, 'Hset': array([[0.3, 0.1, 0.9, 0.5, 0.7],
       [0.3, 0.1, 0.9, 0.5, 0.7]])}",True,True,34.5,27.5,64.5,27.5
SS:data2,SS,2,False,data/Glaze_Triangles/data_2AFC/raw_data/data_SS.mat,data2,f,2000,2000,2000,signaled,1,12.24744871391589,150.0,5,"(400, 400, 400, 400, 400)","[[0.1, 0.8999999999999999, 0.3, 0.7, 0.5], [0.1, 0.8999999999999999, 0.3, 0.7, 0.5]]","[[0.1, 0.8999999999999999, 0.3, 0.7, 0.5], [0.1, 0.8999999999999999, 0.3, 0.7, 0.5]]","[[10.0, 1.1111111111111112, 3.3333333333333335, 1.4285714285714286, 2.0], [10.0, 1.1111111111111112, 3.3333333333333335, 1.4285714285714286, 2.0]]",False,False,True,,,,5,"{'tau': array([[10.        ,  1.11111111,  3.33333333,  1.42857143,  2.        ],
       [10.        ,  1.11111111,  3.33333333,  1.42857143,  2.        ]]), 'signaled': 1, 'sigma': 12.24744871391589, 'Hset': array([[0.1, 0.9, 0.3, 0.7, 0.5],
       [0.1, 0.9, 0.3, 0.7, 0.5]])}",True,True,34.5,27.0,64.5,27.0
SS:data3,SS,3,False,data/Glaze_Triangles/data_2AFC/raw_data/data_SS.mat,data3,f,2000,2000,2000,unsignaled,0,12.24744871391589,150.0,5,"(400, 400, 400, 400, 400)","[[0.3, 0.1, 0.7, 0.5, 0.8999999999999999], [0.3, 0.1, 0.7, 0.5, 0.8999999999999999]]","[[0.3, 0.1, 0.7, 0.5, 0.8999999999999999], [0.3, 0.1, 0.7, 0.5, 0.8999999999999999]]","[[3.3333333333333335, 10.0, 1.4285714285714286, 2.0, 1.1111111111111112], [3.3333333333333335, 10.0, 1.4285714285714286, 2.0, 1.1111111111111112]]",False,False,True,,,,5,"{'tau': array([[ 3.33333333, 10.        ,  1.42857143,  2.        ,  1.11111111],
       [ 3.33333333, 10.        ,  1.42857143,  2.        ,  1.11111111]]), 'signaled': 0, 'sigma': 12.24744871391589, 'Hset': array([[0.3, 0.1, 0.7, 0.5, 0.9],
       [0.3, 0.1, 0.7, 0.5, 0.9]])}",True,True,34.5,27.0,64.5,27.0
SS:data4,SS,4,False,data/Glaze_Triangles/data_2AFC/raw_data/data_SS.mat,data4,f,2000,2000,2000,unsignaled,0,10.0,100.0,5,"(400, 400, 400, 400, 400)","[[0.3, 0.8999999999999999, 0.5, 0.1, 0.7], [0.3, 0.8999999999999999, 0.5, 0.1, 0.7]]","[[0.3, 0.8999999999999999, 0.5, 0.1, 0.7], [0.3, 0.8999999999999999, 0.5, 0.1, 0.7]]","[[3.3333333333333335, 1.1111111111111112, 2.0, 10.0, 1.4285714285714286], [3.3333333333333335, 1.1111111111111112, 2.0, 10.0, 1.4285714285714286]]",False,False,True,,,,5,"{'tau': array([[ 3.33333333,  1.11111111,  2.        , 10.        ,  1.42857143],
       [ 3.33333333,  1.11111111,  2.        , 10.        ,  1.42857143]]), 'signaled': 0, 'sigma': 10, 'Hset': array([[0.3, 0.9, 0.5, 0.1, 0.7],
       [0.3, 0.9, 0.5, 0.1, 0.7]])}",True,True,34.5,27.5,64.5,27.5
TC2:data1_practice,TC2,1,True,data/Glaze_Triangles/data_2AFC/raw_data/data_TC2.mat,data1_practice,m,120,120,120,mixed,2,10.0,100.0,2,"(60, 60)","[[0.9, 0.3], [0.9, 0.3]]","[[0.9, 0.3], [0.9, 0.3]]",[],False,False,True,1.0,20.0,735433.5902235927,2,"{'sigma': 10, 'signaled': 2, 'Hset': array([[0.9, 0.3],
       [0.9, 0.3]]), 'reward': 1, 'penalty': 20}",True,True,34.5,28.5,64.5,28.5
TC2:data1,TC2,1,False,data/Glaze_Triangles/data_2AFC/raw_data/data_TC2.mat,data1,m,2000,2000,2000,mixed,2,10.0,100.0,2,"(1000, 1000)","[[0.9, 0.3], [0.9, 0.3]]","[[0.9, 0.3], [0.9, 0.3]]",[],False,False,True,1.0,20.0,735433.5927815434,2,"{'sigma': 10, 'signaled': 2, 'Hset': array([[0.9, 0.3],
       [0.9, 0.3]]), 'reward': 1, 'penalty': 20}",True,True,34.5,28.5,64.5,28.5
VC1:data1_practice,VC1,1,True,data/Glaze_Triangles/data_2AFC/raw_data/data_VC1.mat,data1_practice,f,120,120,120,unsignaled,0,12.24744871391589,150.0,2,"(60, 60)","[[0.05, 0.7], [0.05, 0.7]]","[[0.05, 0.7], [0.05, 0.7]]",[],False,False,True,,,735423.338281856,5,"{'sigma': 12.24744871391589, 'signaled': 0, 'tau': array([[20.        ,  1.42857143],
       [20.        ,  1.42857143]]), 'Hset': array([[0.05, 0.7 ],
       [0.05, 0.7 ]])}",True,True,34.5,28.5,64.5,28.5
VC1:data1,VC1,1,False,data/Glaze_Triangles/data_2AFC/raw_data/data_VC1.mat,data1,f,2000,2000,2000,unsignaled,0,12.24744871391589,150.0,2,"(1000, 1000)","[[0.05, 0.7], [0.05, 0.7]]","[[0.05, 0.7], [0.05, 0.7]]",[],False,False,True,,,735423.3413023904,5,"{'sigma': 12.24744871391589, 'signaled': 0, 'tau': array([[20.        ,  1.42857143],
       [20.        ,  1.42857143]]), 'Hset': array([[0.05, 0.7 ],
       [0.05, 0.7 ]])}",True,True,34.5,28.5,64.5,28.5
VC1:data2_practice,VC1,2,True,data/Glaze_Triangles/data_2AFC/raw_data/data_VC1.mat,data2_practice,f,120,120,120,unsignaled,0,10.0,100.0,5,"(24, 24, 24, 24, 24)","[[0.3, 0.7, 0.1, 0.5, 0.9], [0.3, 0.7, 0.1, 0.5, 0.9]]","[[0.3, 0.7, 0.1, 0.5, 0.9], [0.3, 0.7, 0.1, 0.5, 0.9]]",[],False,False,True,2.0,20.0,735426.3363909463,5,"{'sigma': 10, 'signaled': 0, 'tau': array([], dtype=float64), 'Hset': array([[0.3, 0.7, 0.1, 0.5, 0.9],
       [0.3, 0.7, 0.1, 0.5, 0.9]])}",True,True,34.5,28.5,64.5,28.5
VC1:data2,VC1,2,False,data/Glaze_Triangles/data_2AFC/raw_data/data_VC1.mat,data2,f,2000,2000,2000,unsignaled,0,10.0,100.0,5,"(400, 400, 400, 400, 400)","[[0.3, 0.7, 0.1, 0.5, 0.9], [0.3, 0.7, 0.1, 0.5, 0.9]]","[[0.3, 0.7, 0.1, 0.5, 0.9], [0.3, 0.7, 0.1, 0.5, 0.9]]",[],False,False,True,2.0,20.0,735426.3385851382,5,"{'sigma': 10, 'signaled': 0, 'tau': array([], dtype=float64), 'Hset': array([[0.3, 0.7, 0.1, 0.5, 0.9],
       [0.3, 0.7, 0.1, 0.5, 0.9]])}",True,True,34.5,28.5,64.5,28.5
VC1:data3_practice,VC1,3,True,data/Glaze_Triangles/data_2AFC/raw_data/data_VC1.mat,data3_practice,f,120,120,120,signaled,1,12.24744871391589,150.0,2,"(60, 60)","[[0.1, 0.3], [0.1, 0.3]]","[[0.1, 0.3], [0.1, 0.3]]",[],False,False,True,2.0,20.0,735427.3350222928,5,"{'sigma': 12.24744871391589, 'signaled': 1, 'tau': array([], dtype=float64), 'Hset': array([[0.1, 0.3],
       [0.1, 0.3]])}",True,True,34.5,28.5,64.5,28.5
VC1:data3,VC1,3,False,data/Glaze_Triangles/data_2AFC/raw_data/data_VC1.mat,data3,f,2000,2000,2000,signaled,1,12.24744871391589,150.0,2,"(1000, 1000)","[[0.1, 0.3], [0.1, 0.3]]","[[0.1, 0.3], [0.1, 0.3]]",[],False,False,True,2.0,20.0,735427.337624642,5,"{'sigma': 12.24744871391589, 'signaled': 1, 'tau': array([], dtype=float64), 'Hset': array([[0.1, 0.3],
       [0.1, 0.3]])}",True,True,34.5,28.5,64.5,28.5
VC1:data4_practice,VC1,4,True,data/Glaze_Triangles/data_2AFC/raw_data/data_VC1.mat,data4_practice,f,120,120,120,unsignaled,0,12.24744871391589,150.0,5,"(24, 24, 24, 24, 24)","[[0.7, 0.9, 0.3, 0.1, 0.5], [0.7, 0.9, 0.3, 0.1, 0.5]]","[[0.7, 0.9, 0.3, 0.1, 0.5], [0.7, 0.9, 0.3, 0.1, 0.5]]",[],False,False,True,2.0,20.0,735427.7105851312,5,"{'sigma': 12.24744871391589, 'signaled': 0, 'tau': array([], dtype=float64), 'Hset': array([[0.7, 0.9, 0.3, 0.1, 0.5],
       [0.7, 0.9, 0.3, 0.1, 0.5]])}",True,True,34.5,28.5,64.5,28.5
VC1:data4,VC1,4,False,data/Glaze_Triangles/data_2AFC/raw_data/data_VC1.mat,data4,f,2000,2000,2000,unsignaled,0,12.24744871391589,150.0,5,"(400, 400, 400, 400, 400)","[[0.7, 0.9, 0.3, 0.1, 0.5], [0.7, 0.9, 0.3, 0.1, 0.5]]","[[0.7, 0.9, 0.3, 0.1, 0.5], [0.7, 0.9, 0.3, 0.1, 0.5]]",[],False,False,True,2.0,20.0,735427.7134684676,5,"{'sigma': 12.24744871391589, 'signaled': 0, 'tau': array([], dtype=float64), 'Hset': array([[0.7, 0.9, 0.3, 0.1, 0.5],
       [0.7, 0.9, 0.3, 0.1, 0.5]])}",True,True,34.5,28.5,64.5,28.5
VD:data1,VD,1,False,data/Glaze_Triangles/data_2AFC/raw_data/data_VD.mat,data1,f,2000,2000,2000,signaled,1,10.0,100.0,2,"(1000, 1000)","[[0.05, 0.9500000000000001], [0.05, 0.9500000000000001]]","[[0.05, 0.9500000000000001], [0.05, 0.9500000000000001]]","[[20.0, 1.0526315789473684], [20.0, 1.0526315789473684]]",False,False,True,,,,7,"{'tau': array([[20.        ,  1.05263158],
       [20.        ,  1.05263158]]), 'signaled': 1, 'sigma': 10, 'Hset': array([[0.05, 0.95],
       [0.05, 0.95]])}",True,True,34.5,27.0,64.5,27.0
VD:data2,VD,2,False,data/Glaze_Triangles/data_2AFC/raw_data/data_VD.mat,data2,f,2000,2000,2000,unsignaled,0,10.0,100.0,2,"(1000, 1000)","[[0.05, 0.3], [0.05, 0.3]]","[[0.05, 0.3], [0.05, 0.3]]","[[20.0, 3.3333333333333335], [20.0, 3.3333333333333335]]",False,False,True,,,,7,"{'tau': array([[20.        ,  3.33333333],
       [20.        ,  3.33333333]]), 'signaled': 0, 'sigma': 10, 'Hset': array([[0.05, 0.3 ],
       [0.05, 0.3 ]])}",True,True,34.5,27.0,64.5,27.0
VD:data3,VD,3,False,data/Glaze_Triangles/data_2AFC/raw_data/data_VD.mat,data3,f,2000,2000,2000,unsignaled,0,12.24744871391589,150.0,2,"(1000, 1000)","[[0.7, 0.05], [0.7, 0.05]]","[[0.7, 0.05], [0.7, 0.05]]","[[1.4285714285714286, 20.0], [1.4285714285714286, 20.0]]",False,False,True,,,,7,"{'tau': array([[ 1.42857143, 20.        ],
       [ 1.42857143, 20.        ]]), 'signaled': 0, 'sigma': 12.24744871391589, 'Hset': array([[0.7 , 0.05],
       [0.7 , 0.05]])}",True,True,34.5,27.0,64.5,27.0
VD:data4,VD,4,False,data/Glaze_Triangles/data_2AFC/raw_data/data_VD.mat,data4,f,2000,2000,2000,mixed,2,12.24744871391589,150.0,2,"(1000, 1000)","[[0.1, 0.7], [0.1, 0.7]]","[[0.1, 0.7], [0.1, 0.7]]","[[10.0, 1.4285714285714286], [10.0, 1.4285714285714286]]",False,False,True,,,735413.4648268537,7,"{'tau': array([[10.        ,  1.42857143],
       [10.        ,  1.42857143]]), 'signaled': 2, 'sigma': 12.24744871391589, 'Hset': array([[0.1, 0.7],
       [0.1, 0.7]])}",True,True,34.5,28.5,64.5,28.5
VD:data5_practice,VD,5,True,data/Glaze_Triangles/data_2AFC/raw_data/data_VD.mat,data5_practice,f,120,120,120,mixed,2,10.0,100.0,2,"(60, 60)",,,"[[1.1111111111111112, 3.3333333333333335], [1.1111111111111112, 3.3333333333333335]]",False,False,,,,735417.4600241062,7,"{'tau': array([[1.11111111, 3.33333333],
       [1.11111111, 3.33333333]]), 'signaled': 2, 'sigma': 10, 'Hset': array([[0.9, 0.3],
       [0.9, 0.3]])}",True,True,34.5,28.5,64.5,28.5
VD:data5,VD,5,False,data/Glaze_Triangles/data_2AFC/raw_data/data_VD.mat,data5,f,2000,2000,2000,mixed,2,10.0,100.0,2,"(1000, 1000)","[[0.8999999999999999, 0.3], [0.8999999999999999, 0.3]]","[[0.8999999999999999, 0.3], [0.8999999999999999, 0.3]]","[[1.1111111111111112, 3.3333333333333335], [1.1111111111111112, 3.3333333333333335]]",False,False,True,,,735417.4623979671,7,"{'tau': array([[1.11111111, 3.33333333],
       [1.11111111, 3.33333333]]), 'signaled': 2, 'sigma': 10, 'Hset': array([[0.9, 0.3],
       [0.9, 0.3]])}",True,True,34.5,28.5,64.5,28.5
VD:data6_practice,VD,6,True,data/Glaze_Triangles/data_2AFC/raw_data/data_VD.mat,data6_practice,f,120,120,120,unsignaled,0,10.0,100.0,5,"(24, 24, 24, 24, 24)","[[0.7, 0.3, 0.9, 0.1, 0.5], [0.7, 0.3, 0.9, 0.1, 0.5]]","[[0.7, 0.3, 0.9, 0.1, 0.5], [0.7, 0.3, 0.9, 0.1, 0.5]]",[],False,False,True,,,735423.6481163985,7,"{'tau': array([], dtype=float64), 'signaled': 0, 'sigma': 10, 'Hset': array([[0.7, 0.3, 0.9, 0.1, 0.5],
       [0.7, 0.3, 0.9, 0.1, 0.5]])}",True,True,34.5,28.5,64.5,28.5
VD:data6,VD,6,False,data/Glaze_Triangles/data_2AFC/raw_data/data_VD.mat,data6,f,2000,2000,2000,unsignaled,0,10.0,100.0,5,"(400, 400, 400, 400, 400)","[[0.7, 0.3, 0.9, 0.1, 0.5], [0.7, 0.3, 0.9, 0.1, 0.5]]","[[0.7, 0.3, 0.9, 0.1, 0.5], [0.7, 0.3, 0.9, 0.1, 0.5]]",[],False,False,True,,,735423.6499921831,7,"{'tau': array([], dtype=float64), 'signaled': 0, 'sigma': 10, 'Hset': array([[0.7, 0.3, 0.9, 0.1, 0.5],
       [0.7, 0.3, 0.9, 0.1, 0.5]])}",True,True,34.5,28.5,64.5,28.5
VQ1:data1_practice,VQ1,1,True,data/Glaze_Triangles/data_2AFC/raw_data/data_VQ1.mat,data1_practice,m,120,120,120,mixed,2,7.0710678118654755,50.00000000000001,2,"(60, 60)","[[0.1, 0.5], [0.1, 0.5]]","[[0.1, 0.5], [0.1, 0.5]]",[],False,False,True,1.0,20.0,735447.4063661305,5,"{'sigma': 7.0710678118654755, 'signaled': 2, 'Hset': array([[0.1, 0.5],
       [0.1, 0.5]]), 'reward': 1, 'penalty': 20}",True,True,34.5,28.5,64.5,28.5
VQ1:data1,VQ1,1,False,data/Glaze_Triangles/data_2AFC/raw_data/data_VQ1.mat,data1,m,2000,2000,2000,mixed,2,7.0710678118654755,50.00000000000001,2,"(1000, 1000)","[[0.1, 0.5], [0.1, 0.5]]","[[0.1, 0.5], [0.1, 0.5]]",[],False,False,True,1.0,20.0,735447.409748878,5,"{'sigma': 7.0710678118654755, 'signaled': 2, 'Hset': array([[0.1, 0.5],
       [0.1, 0.5]]), 'reward': 1, 'penalty': 20}",True,True,34.5,28.5,64.5,28.5
VQ1:data2_practice,VQ1,2,True,data/Glaze_Triangles/data_2AFC/raw_data/data_VQ1.mat,data2_practice,m,120,120,120,signaled,1,7.0710678118654755,50.00000000000001,2,"(60, 60)","[[0.7, 0.5], [0.7, 0.5]]","[[0.7, 0.5], [0.7, 0.5]]",[],False,False,True,1.0,20.0,735451.3998654967,5,"{'sigma': 7.0710678118654755, 'signaled': 1, 'Hset': array([[0.7, 0.5],
       [0.7, 0.5]]), 'reward': 1, 'penalty': 20}",True,True,34.5,28.5,64.5,28.5
VQ1:data2,VQ1,2,False,data/Glaze_Triangles/data_2AFC/raw_data/data_VQ1.mat,data2,m,2000,2000,2000,signaled,1,7.0710678118654755,50.00000000000001,2,"(1000, 1000)","[[0.7, 0.5], [0.7, 0.5]]","[[0.7, 0.5], [0.7, 0.5]]",[],False,False,True,1.0,20.0,735451.4031210882,5,"{'sigma': 7.0710678118654755, 'signaled': 1, 'Hset': array([[0.7, 0.5],
       [0.7, 0.5]]), 'reward': 1, 'penalty': 20}",True,True,34.5,28.5,64.5,28.5
VQ1:data3_practice,VQ1,3,True,data/Glaze_Triangles/data_2AFC/raw_data/data_VQ1.mat,data3_practice,m,120,120,120,unsignaled,0,7.0710678118654755,50.00000000000001,5,"(24, 24, 24, 24, 24)","[[0.7, 0.1, 0.5, 0.3, 0.9], [0.7, 0.1, 0.5, 0.3, 0.9]]","[[0.7, 0.1, 0.5, 0.3, 0.9], [0.7, 0.1, 0.5, 0.3, 0.9]]",[],False,False,True,1.0,20.0,735452.4027823607,5,"{'sigma': 7.0710678118654755, 'signaled': 0, 'Hset': array([[0.7, 0.1, 0.5, 0.3, 0.9],
       [0.7, 0.1, 0.5, 0.3, 0.9]]), 'reward': 1, 'penalty': 20}",True,True,34.5,28.5,64.5,28.5
VQ1:data3,VQ1,3,False,data/Glaze_Triangles/data_2AFC/raw_data/data_VQ1.mat,data3,m,2000,2000,2000,unsignaled,0,7.0710678118654755,50.00000000000001,5,"(400, 400, 400, 400, 400)","[[0.7, 0.1, 0.5, 0.3, 0.9], [0.7, 0.1, 0.5, 0.3, 0.9]]","[[0.7, 0.1, 0.5, 0.3, 0.9], [0.7, 0.1, 0.5, 0.3, 0.9]]",[],False,False,True,1.0,20.0,735452.405867264,5,"{'sigma': 7.0710678118654755, 'signaled': 0, 'Hset': array([[0.7, 0.1, 0.5, 0.3, 0.9],
       [0.7, 0.1, 0.5, 0.3, 0.9]]), 'reward': 1, 'penalty': 20}",True,True,34.5,28.5,64.5,28.5
VQ1:data4_practice,VQ1,4,True,data/Glaze_Triangles/data_2AFC/raw_data/data_VQ1.mat,data4_practice,m,120,120,120,mixed,2,10.0,100.0,2,"(60, 60)","[[0.5, 0.1], [0.5, 0.1]]","[[0.5, 0.1], [0.5, 0.1]]",[],False,False,True,1.0,20.0,735453.4014800519,5,"{'sigma': 10, 'signaled': 2, 'Hset': array([[0.5, 0.1],
       [0.5, 0.1]]), 'reward': 1, 'penalty': 20}",True,True,34.5,28.5,64.5,28.5
VQ1:data4,VQ1,4,False,data/Glaze_Triangles/data_2AFC/raw_data/data_VQ1.mat,data4,m,2000,2000,2000,mixed,2,10.0,100.0,2,"(1000, 1000)","[[0.5, 0.1], [0.5, 0.1]]","[[0.5, 0.1], [0.5, 0.1]]",[],False,False,True,1.0,20.0,735453.4039369569,5,"{'sigma': 10, 'signaled': 2, 'Hset': array([[0.5, 0.1],
       [0.5, 0.1]]), 'reward': 1, 'penalty': 20}",True,True,34.5,28.5,64.5,28.5
VT:data1,VT,1,False,data/Glaze_Triangles/data_2AFC/raw_data/data_VT.mat,data1,m,2000,2000,2000,signaled,1,10.0,100.0,5,"(400, 400, 400, 400, 400)","[[0.1, 0.3, 0.8999999999999999, 0.7, 0.5], [0.1, 0.3, 0.8999999999999999, 0.7, 0.5]]","[[0.1, 0.3, 0.8999999999999999, 0.7, 0.5], [0.1, 0.3, 0.8999999999999999, 0.7, 0.5]]","[[10.0, 3.3333333333333335, 1.1111111111111112, 1.4285714285714286, 2.0], [10.0, 3.3333333333333335, 1.1111111111111112, 1.4285714285714286, 2.0]]",False,False,True,,,,4,"{'tau': array([[10.        ,  3.33333333,  1.11111111,  1.42857143,  2.        ],
       [10.        ,  3.33333333,  1.11111111,  1.42857143,  2.        ]]), 'signaled': 1, 'sigma': 10, 'Hset': array([[0.1, 0.3, 0.9, 0.7, 0.5],
       [0.1, 0.3, 0.9, 0.7, 0.5]])}",True,True,34.5,27.5,64.5,27.5
VT:data2_practice,VT,2,True,data/Glaze_Triangles/data_2AFC/raw_data/data_VT.mat,data2_practice,m,120,120,120,mixed,2,12.24744871391589,150.0,2,"(60, 60)",,,"[[10.0, 1.1111111111111112], [10.0, 1.1111111111111112]]",False,False,,,,735413.7099451474,4,"{'tau': array([[10.        ,  1.11111111],
       [10.        ,  1.11111111]]), 'signaled': 2, 'sigma': 12.24744871391589, 'Hset': array([[0.1, 0.9],
       [0.1, 0.9]])}",True,True,34.5,28.5,64.5,28.5
VT:data2,VT,2,False,data/Glaze_Triangles/data_2AFC/raw_data/data_VT.mat,data2,m,2000,2000,2000,mixed,2,12.24744871391589,150.0,2,"(1000, 1000)","[[0.1, 0.8999999999999999], [0.1, 0.8999999999999999]]","[[0.1, 0.8999999999999999], [0.1, 0.8999999999999999]]","[[10.0, 1.1111111111111112], [10.0, 1.1111111111111112]]",False,False,True,,,735413.7122767931,4,"{'tau': array([[10.        ,  1.11111111],
       [10.        ,  1.11111111]]), 'signaled': 2, 'sigma': 12.24744871391589, 'Hset': array([[0.1, 0.9],
       [0.1, 0.9]])}",True,True,34.5,28.5,64.5,28.5
VT:data3_practice,VT,3,True,data/Glaze_Triangles/data_2AFC/raw_data/data_VT.mat,data3_practice,m,120,120,120,mixed,2,10.0,100.0,2,"(60, 60)",,,"[[1.1111111111111112, 3.3333333333333335], [1.1111111111111112, 3.3333333333333335]]",False,False,,,,735417.6955310549,4,"{'tau': array([[1.11111111, 3.33333333],
       [1.11111111, 3.33333333]]), 'signaled': 2, 'sigma': 10, 'Hset': array([[0.9, 0.3],
       [0.9, 0.3]])}",True,True,34.5,28.5,64.5,28.5
VT:data3,VT,3,False,data/Glaze_Triangles/data_2AFC/raw_data/data_VT.mat,data3,m,2000,2000,2000,mixed,2,10.0,100.0,2,"(1000, 1000)","[[0.8999999999999999, 0.3], [0.8999999999999999, 0.3]]","[[0.8999999999999999, 0.3], [0.8999999999999999, 0.3]]","[[1.1111111111111112, 3.3333333333333335], [1.1111111111111112, 3.3333333333333335]]",False,False,True,,,735417.6983309354,4,"{'tau': array([[1.11111111, 3.33333333],
       [1.11111111, 3.33333333]]), 'signaled': 2, 'sigma': 10, 'Hset': array([[0.9, 0.3],
       [0.9, 0.3]])}",True,True,34.5,28.5,64.5,28.5
YZ1:data1_practice,YZ1,1,True,data/Glaze_Triangles/data_2AFC/raw_data/data_YZ1.mat,data1_practice,m,120,120,120,signaled,1,12.24744871391589,150.0,2,"(60, 60)","[[0.7, 0.05], [0.7, 0.05]]","[[0.7, 0.05], [0.7, 0.05]]",[],False,False,True,,,735423.530266396,4,"{'sigma': 12.24744871391589, 'signaled': 1, 'Hset': array([[0.7 , 0.05],
       [0.7 , 0.05]])}",True,True,34.5,28.5,64.5,28.5
YZ1:data1,YZ1,1,False,data/Glaze_Triangles/data_2AFC/raw_data/data_YZ1.mat,data1,m,2000,2000,2000,signaled,1,12.24744871391589,150.0,2,"(1000, 1000)","[[0.7, 0.05], [0.7, 0.05]]","[[0.7, 0.05], [0.7, 0.05]]",[],False,False,True,,,735423.5343223949,4,"{'sigma': 12.24744871391589, 'signaled': 1, 'Hset': array([[0.7 , 0.05],
       [0.7 , 0.05]])}",True,True,34.5,28.5,64.5,28.5
YZ1:data2_practice,YZ1,2,True,data/Glaze_Triangles/data_2AFC/raw_data/data_YZ1.mat,data2_practice,m,120,120,120,signaled,1,10.0,100.0,2,"(60, 60)","[[0.05, 0.5], [0.05, 0.5]]","[[0.05, 0.5], [0.05, 0.5]]",[],False,False,True,,,735424.523167201,4,"{'sigma': 10, 'signaled': 1, 'Hset': array([[0.05, 0.5 ],
       [0.05, 0.5 ]])}",True,True,34.5,28.5,64.5,28.5
YZ1:data2,YZ1,2,False,data/Glaze_Triangles/data_2AFC/raw_data/data_YZ1.mat,data2,m,2000,2000,2000,signaled,1,10.0,100.0,2,"(1000, 1000)","[[0.05, 0.5], [0.05, 0.5]]","[[0.05, 0.5], [0.05, 0.5]]",[],False,False,True,,,735424.5261368966,4,"{'sigma': 10, 'signaled': 1, 'Hset': array([[0.05, 0.5 ],
       [0.05, 0.5 ]])}",True,True,34.5,28.5,64.5,28.5
YZ1:data3_practice,YZ1,3,True,data/Glaze_Triangles/data_2AFC/raw_data/data_YZ1.mat,data3_practice,m,120,120,120,unsignaled,0,10.0,100.0,2,"(60, 60)","[[0.3, 0.5], [0.3, 0.5]]","[[0.3, 0.5], [0.3, 0.5]]",[],False,False,True,2.0,20.0,735426.5264539857,4,"{'sigma': 10, 'signaled': 0, 'Hset': array([[0.3, 0.5],
       [0.3, 0.5]])}",True,True,34.5,28.5,64.5,28.5
YZ1:data3,YZ1,3,False,data/Glaze_Triangles/data_2AFC/raw_data/data_YZ1.mat,data3,m,2000,2000,2000,unsignaled,0,10.0,100.0,2,"(1000, 1000)","[[0.3, 0.5], [0.3, 0.5]]","[[0.3, 0.5], [0.3, 0.5]]",[],False,False,True,2.0,20.0,735426.5289756055,4,"{'sigma': 10, 'signaled': 0, 'Hset': array([[0.3, 0.5],
       [0.3, 0.5]])}",True,True,34.5,28.5,64.5,28.5
